행정시,업소명,소재지,전화번호,데이터기준일자
서귀포시,위(WE)호텔,제주특별자치도 서귀포시 1100로 453-95,064-730-1200,2020-01-02
서귀포시,이에스제주리조트,제주특별자치도 서귀포시 1100로 501,070-4548-0285,2020-01-02
서귀포시,천백 휴양펜션,제주특별자치도 서귀포시 1100로 6,064-738-3234,2020-01-02
서귀포시,모이라펜션,제주특별자치도 서귀포시 516로 296,064-732-0005,2020-01-02
서귀포시,빅토르힐 리조트,제주특별자치도 서귀포시 516로277번길 45,064-780-6300,2020-01-02
서귀포시,비울채울,제주특별자치도 서귀포시 검은여로130번길 73,070-8900-3000,2020-01-02
서귀포시,휴호스텔,제주특별자치도 서귀포시 구산봉로21번길 62,064-738-6010,2020-01-02
서귀포시,호텔빠레브,제주특별자치도 서귀포시 김정문화로 15,064-735-8899,2020-01-02
서귀포시,밸류호텔 월드와이드 서귀포제이에스,제주특별자치도 서귀포시 김정문화로 51,064-802-3000,2020-01-02
서귀포시,호텔캘리포니아,제주특별자치도 서귀포시 김정문화로27번길 14-4,064-738-9902,2020-01-02
서귀포시,호텔랑주,제주특별자치도 서귀포시 김정문화로27번길 23-3,064-739-0012,2020-01-02
서귀포시,(주)스위트메이서귀포,제주특별자치도 서귀포시 김정문화로27번길 9-1,064-739-5757,2020-01-02
서귀포시,제주아일랜드모텔,제주특별자치도 서귀포시 김정문화로41번길 10-3,064-739-6637,2020-01-02
서귀포시,비스타케이호텔 월드컵,제주특별자치도 서귀포시 김정문화로41번길 10-6,064-802-7051,2020-01-02
서귀포시,풍경호스텔,제주특별자치도 서귀포시 남성로 117,064-763-3353,2020-01-02
서귀포시,굿데이,제주특별자치도 서귀포시 남성로115번길 2,,2020-01-02
서귀포시,파크선샤인제주,제주특별자치도 서귀포시 남성중로 135,064-766-1050,2020-01-02
서귀포시,풍경호텔,제주특별자치도 서귀포시 남성중로 147,064-733-3355,2020-01-02
서귀포시,예이츠산장,제주특별자치도 서귀포시 남원읍 516로 918,064-767-3746,2020-01-02
서귀포시,올레길,제주특별자치도 서귀포시 남원읍 남원회관로 45,064-764-9099,2020-01-02
서귀포시,기풍장여관,제주특별자치도 서귀포시 남원읍 남원회관로 73,064-764-2337,2020-01-02
서귀포시,부영CC관광호텔,제주특별자치도 서귀포시 남원읍 남조로 960,064-766-5700,2020-01-02
서귀포시,파도봐,제주특별자치도 서귀포시 남원읍 남태해안로 141,064-764-1110,2020-01-02
서귀포시,백통신원리조트 휴양콘도미니엄,제주특별자치도 서귀포시 남원읍 서성로 427,064-745-7077,2020-01-02
서귀포시,스프링데일 골프&리조트,제주특별자치도 서귀포시 남원읍 서성로 459,064-800-8000,2020-01-02
서귀포시,수망관광휴양펜션,제주특별자치도 서귀포시 남원읍 서성로 986-24,070-4151-5221,2020-01-02
서귀포시,포유펜션,제주특별자치도 서귀포시 남원읍 서의로 40-6,064-764-2777,2020-01-02
서귀포시,행복나무,제주특별자치도 서귀포시 남원읍 신례로 95,064-767-1600,2020-01-02
서귀포시,제주펜션 모이헤이,제주특별자치도 서귀포시 남원읍 신례로379번길 36-28,064-767-1005,2020-01-02
서귀포시,르페도라,제주특별자치도 서귀포시 남원읍 신례중앙로 6,064-732-7002,2020-01-02
서귀포시,리즈매니지먼트,제주특별자치도 서귀포시 남원읍 원님로 473,070-4274-1777,2020-01-02
서귀포시,펜션정원,제주특별자치도 서귀포시 남원읍 일주동로 6523,,2020-01-02
서귀포시,별빛하늘,제주특별자치도 서귀포시 남원읍 중산간동로 6264,,2020-01-02
서귀포시,금앤옥통나무팬션,제주특별자치도 서귀포시 남원읍 중산간동로7141번길 6,064-733-5212,2020-01-02
서귀포시,솔바람풍경소리,제주특별자치도 서귀포시 남원읍 태수로143번길 132-37,064-764-6002,2020-01-02
서귀포시,코업시티호텔하버뷰,제주특별자치도 서귀포시 남원읍 태위로 108,064-731-9988,2020-01-02
서귀포시,제주목화,제주특별자치도 서귀포시 남원읍 태위로 485,064-764-7942,2020-01-02
서귀포시,금호리조트(주)제주,제주특별자치도 서귀포시 남원읍 태위로 522-12,064-766-8000,2020-01-02
서귀포시,소랑호젠,제주특별자치도 서귀포시 남원읍 태위로 545,064-760-8016,2020-01-02
서귀포시,제주도남원통나무펜션,제주특별자치도 서귀포시 남원읍 태위로 551-5,064-764-2103,2020-01-02
서귀포시,HOTEL이디,제주특별자치도 서귀포시 남원읍 태위로 690-3,064-764-5567,2020-01-02
서귀포시,서울호텔,제주특별자치도 서귀포시 남원읍 태위로 706,064-764-9595,2020-01-02
서귀포시,태흥리조트,제주특별자치도 서귀포시 남원읍 태위로 984-7,064-764-8118,2020-01-02
서귀포시,큰엉해올레펜션,제주특별자치도 서귀포시 남원읍 태위로510번길 31-8,064-764-7456,2020-01-02
서귀포시,화음휴양팬션,제주특별자치도 서귀포시 남원읍 태위로894번길 36,064-764-7004,2020-01-02
서귀포시,호텔창고 본동,제주특별자치도 서귀포시 남원읍 하례망장포로 37,064-763-1307,2020-01-02
서귀포시,호텔창고,제주특별자치도 서귀포시 남원읍 하례망장포로 39,064-763-1307,2020-01-02
서귀포시,제주세인트하우스,제주특별자치도 서귀포시 논짓물로 28,064-738-5584,2020-01-02
서귀포시,그랜드메르호텔 제주,제주특별자치도 서귀포시 논짓물로 45,064-801-7000,2020-01-02
서귀포시,펜션연리,제주특별자치도 서귀포시 논짓물로 50,064-739-2564,2020-01-02
서귀포시,가파도하우스1,제주특별자치도 서귀포시 대정읍 가파로 271번길 14,,2020-01-02
서귀포시,가파도하우스2,제주특별자치도 서귀포시 대정읍 가파로67번길 9-4,,2020-01-02
서귀포시,제이라움,제주특별자치도 서귀포시 대정읍 노을해안로 420,064-742-1240,2020-01-02
서귀포시,두바퀴펜션,제주특별자치도 서귀포시 대정읍 도원로 89,064-773-2304,2020-01-02
서귀포시,제이앤클로이,제주특별자치도 서귀포시 대정읍 무릉중앙로 203,064-794-3350,2020-01-02
서귀포시,아로마모텔,제주특별자치도 서귀포시 대정읍 상모로 210,064-794-0066,2020-01-02
서귀포시,실버스타여관,제주특별자치도 서귀포시 대정읍 상모로289번길 16-7,064-794-6400,2020-01-02
서귀포시,대정모텔,제주특별자치도 서귀포시 대정읍 상모인성로 276,064-794-3431,2020-01-02
서귀포시,대흥장여관,제주특별자치도 서귀포시 대정읍 신영로 102,064-794-5555,2020-01-02
서귀포시,써니호텔,제주특별자치도 서귀포시 대정읍 신영로 87-1,064-792-7373,2020-01-02
서귀포시,뉴그린장여관,제주특별자치도 서귀포시 대정읍 신영로 93-3,064-794-1090,2020-01-02
서귀포시,호텔52,제주특별자치도 서귀포시 대정읍 신영로36번길 35,064-794-1831,2020-01-02
서귀포시,1월펜션,제주특별자치도 서귀포시 대정읍 중산간서로 2827,,2020-01-02
서귀포시,2월펜션,제주특별자치도 서귀포시 대정읍 중산간서로 2829,,2020-01-02
서귀포시,3월펜션,제주특별자치도 서귀포시 대정읍 중산간서로 2833,,2020-01-02
서귀포시,5월펜션,제주특별자치도 서귀포시 대정읍 중산간서로 2835,,2020-01-02
서귀포시,6월펜션,제주특별자치도 서귀포시 대정읍 중산간서로 2835-1,,2020-01-02
서귀포시,11월펜션,제주특별자치도 서귀포시 대정읍 중산간서로 2835-11,,2020-01-02
서귀포시,12월펜션,제주특별자치도 서귀포시 대정읍 중산간서로 2835-15,,2020-01-02
서귀포시,7월펜션,제주특별자치도 서귀포시 대정읍 중산간서로 2835-3,,2020-01-02
서귀포시,9월펜션,제주특별자치도 서귀포시 대정읍 중산간서로 2835-5,,2020-01-02
서귀포시,8월펜션,제주특별자치도 서귀포시 대정읍 중산간서로 2835-7,,2020-01-02
서귀포시,10월펜션,제주특별자치도 서귀포시 대정읍 중산간서로 2835-9,,2020-01-02
서귀포시,코자스파호텔,제주특별자치도 서귀포시 대정읍 최남단해안로 44,064-794-2300,2020-01-02
서귀포시,대정동성모텔,제주특별자치도 서귀포시 대정읍 최남단해안로 46,064-794-7079,2020-01-02
서귀포시,남강여관,제주특별자치도 서귀포시 대정읍 최남단해안로 5,064-794-2150,2020-01-02
서귀포시,모슬포1호텔,제주특별자치도 서귀포시 대정읍 최남단해안로30번길 11,,2020-01-02
서귀포시,모슬포2호텔,제주특별자치도 서귀포시 대정읍 최남단해안로30번길 13,,2020-01-02
서귀포시,모슬포3호텔,제주특별자치도 서귀포시 대정읍 최남단해안로30번길 15,,2020-01-02
서귀포시,운송,제주특별자치도 서귀포시 대정읍 추사로36번길 48,064-792-1373,2020-01-02
서귀포시,이루다,제주특별자치도 서귀포시 대정읍 평화로 225,,2020-01-02
서귀포시,대전여인숙,제주특별자치도 서귀포시 대정읍 하모상가로 18-1,064-794-1120,2020-01-02
서귀포시,동원장여관,제주특별자치도 서귀포시 대정읍 하모이삼로52번길 14,064-794-5511,2020-01-02
서귀포시,불란지호스텔,제주특별자치도 서귀포시 대정읍 하모중앙로 46-6,064-794-2522,2020-01-02
서귀포시,제일장여관,제주특별자치도 서귀포시 대정읍 하모중앙로 79,064-794-8585,2020-01-02
서귀포시,레몬트리,제주특별자치도 서귀포시 대정읍 하모항구로 70,064-794-2525,2020-01-02
서귀포시,아크로뷰호텔,제주특별자치도 서귀포시 대정읍 하모항구로6번길 5,064-792-0250,2020-01-02
서귀포시,송악리조트,제주특별자치도 서귀포시 대정읍 형제해안로 260,064-794-6307,2020-01-02
서귀포시,주식회사포트에비뉴,제주특별자치도 서귀포시 대포동서로 63-19,064-738-3910,2020-01-02
서귀포시,파밀리아,제주특별자치도 서귀포시 대포동서로 63-20,064-738-2599,2020-01-02
서귀포시,보우힐펜션,제주특별자치도 서귀포시 대포연대로 50,064-739-9070,2020-01-02
서귀포시,돈내코리조트,제주특별자치도 서귀포시 돈내코로 178,064-762-8400,2020-01-02
서귀포시,돈내코힐 리조트,제주특별자치도 서귀포시 돈내코로 180,064-762-8400,2020-01-02
서귀포시,미도호스텔,제주특별자치도 서귀포시 동문동로 13-1,064-732-8484,2020-01-02
서귀포시,테이크33,제주특별자치도 서귀포시 동문동로 3,,2020-01-02
서귀포시,지에이치스테이,제주특별자치도 서귀포시 동문로 36,064-763-8115,2020-01-02
서귀포시,케니스토리인,제주특별자치도 서귀포시 동문로 42,064-760-5000,2020-01-02
서귀포시,삼화여관,제주특별자치도 서귀포시 동문로 54,064-762-7167,2020-01-02
서귀포시,제주녹지리조트2,제주특별자치도 서귀포시 동홍동 2051,064-766-0888,2020-01-02
서귀포시,데이즈호텔제주서귀포오션,제주특별자치도 서귀포시 동홍로 7,064-802-7700,2020-01-02
서귀포시,티아일랜드호스텔,제주특별자치도 서귀포시 막숙포로 100,064-738-1577,2020-01-02
서귀포시,호텔섬오름,제주특별자치도 서귀포시 막숙포로 114,064-800-7200,2020-01-02
서귀포시,모노모텔,제주특별자치도 서귀포시 명동로 11,064-762-2555,2020-01-02
서귀포시,올래모텔,제주특별자치도 서귀포시 명동로 13-3,064-763-6677,2020-01-02
서귀포시,탐라장여관,제주특별자치도 서귀포시 명동로 30,064-732-8209,2020-01-02
서귀포시,서라벌모텔,제주특별자치도 서귀포시 명동로 4,064-763-2288,2020-01-02
서귀포시,서귀여관,제주특별자치도 서귀포시 명동로 43-5,064-732-5253,2020-01-02
서귀포시,오성여관,제주특별자치도 서귀포시 명동로 43-7,064-733-2239,2020-01-02
서귀포시,더퍼스트70호텔,제주특별자치도 서귀포시 명동로 46,064-766-0000,2020-01-02
서귀포시,더베이리조트,제주특별자치도 서귀포시 문필로35번길 46,064-732-8500,2020-01-02
서귀포시,오랑제리팬션,제주특별자치도 서귀포시 법환상로2번길 58,064-739-5872,2020-01-02
서귀포시,더 세리 호스텔,제주특별자치도 서귀포시 법환상로2번길 97-17,064-739-9966,2020-01-02
서귀포시,호텔서귀피안,제주특별자치도 서귀포시 보목로64번길 178,,2020-01-02
서귀포시,더코지인제주휴양펜션,제주특별자치도 서귀포시 보목로70번길 3,064-733-3910,2020-01-02
서귀포시,파인힐호텔,제주특별자치도 서귀포시 부두로 44,064-762-5988,2020-01-02
서귀포시,제주아이브리조트,제주특별자치도 서귀포시 산록남로 1966-34,064-739-8899,2020-01-02
서귀포시,누가빌리지호스텔,제주특별자치도 서귀포시 산록남로 2704,064-732-9966,2020-01-02
서귀포시,우리들리조트아트텔,제주특별자치도 서귀포시 산록남로 2917,064-766-7770,2020-01-02
서귀포시,모던플레이스,제주특별자치도 서귀포시 상예로 262,064-738-1024,2020-01-02
서귀포시,오아시스휴양펜션,제주특별자치도 서귀포시 상효로 74-10,064-733-1115,2020-01-02
서귀포시,중문리조트,제주특별자치도 서귀포시 색달로 117,064-738-0085,2020-01-02
서귀포시,호텔더본제주,제주특별자치도 서귀포시 색달로 18,064-766-8988,2020-01-02
서귀포시,중문비치호텔,제주특별자치도 서귀포시 색달중앙로 19,064-738-9789,2020-01-02
서귀포시,호텔아루미,제주특별자치도 서귀포시 색달중앙로 38,,2020-01-02
서귀포시,(주)호텔롯데 롯데리조트제주,제주특별자치도 서귀포시 색달중앙로252번길 124,064-731-9105,2020-01-02
서귀포시,아비아호텔,제주특별자치도 서귀포시 서문로 42-1,064-802-0001,2020-01-02
서귀포시,오소록스테이,제주특별자치도 서귀포시 서문로 45,064-762-2627,2020-01-02
서귀포시,오아시스모텔,제주특별자치도 서귀포시 서문로 58,064-762-6300,2020-01-02
서귀포시,민중각여관,제주특별자치도 서귀포시 서문로28번길 4,064-763-0501,2020-01-02
서귀포시,썬모텔,제주특별자치도 서귀포시 서문로28번길 6,064-733-2626,2020-01-02
서귀포시,미몽장,제주특별자치도 서귀포시 서문로29번길 11,064-732-6490,2020-01-02
서귀포시,강남여인숙,제주특별자치도 서귀포시 서문로38번길 6,064-762-4075,2020-01-02
서귀포시,발리모텔,제주특별자치도 서귀포시 서문로41번길 21-1,064-733-9986,2020-01-02
서귀포시,호텔가온제이스테이,제주특별자치도 서귀포시 서문로41번길 23,064-749-2008,2020-01-02
서귀포시,동명여관,제주특별자치도 서귀포시 서문로41번길 4,064-732-3600,2020-01-02
서귀포시,귀락여관,제주특별자치도 서귀포시 서문서로 10,064-733-5666,2020-01-02
서귀포시,체이슨호텔더리드,제주특별자치도 서귀포시 서호중로 47,064-738-7844,2020-01-02
서귀포시,라마다앙코르제주서귀포호텔,제주특별자치도 서귀포시 서호중로 55,064-735-2000,2020-01-02
서귀포시,라마다 앙코르 이스트 호텔,제주특별자치도 서귀포시 서호중로 65,064-735-2200,2020-01-02
서귀포시,그린트리인서귀포호텔,제주특별자치도 서귀포시 서호중앙로 84,064-739-3500,2020-01-02
서귀포시,샤뜰레휴양펜션,제주특별자치도 서귀포시 서호호근로46번길 68,064-738-9852,2020-01-02
서귀포시,스와브호텔,제주특별자치도 서귀포시 서홍로 102,064-733-2272,2020-01-02
서귀포시,꿈꾸는 노마드,제주특별자치도 서귀포시 선반로 54,064-739-3114,2020-01-02
서귀포시,라오체호스텔,제주특별자치도 서귀포시 선반로65번길 69,064-738-7575,2020-01-02
서귀포시,나이스모텔,제주특별자치도 서귀포시 성산읍 고성오조로 87-3,064-782-0584,2020-01-02
서귀포시,주식회사 디 아일랜드 마리나,제주특별자치도 서귀포시 성산읍 고성오조로 94,064-766-5020,2020-01-02
서귀포시,브라운스위트제주호텔앤리조트,제주특별자치도 서귀포시 성산읍 고성오조로 94,064-786-6200,2020-01-02
서귀포시,제주정원휴양펜션,제주특별자치도 서귀포시 성산읍 금백조로 85,064-784-3658,2020-01-02
서귀포시,샤론의집,제주특별자치도 서귀포시 성산읍 금백조로131번길 177-1,064-784-5948,2020-01-02
서귀포시,제주휴리조트 Ⅰ,제주특별자치도 서귀포시 성산읍 난고로 228,064-782-1166,2020-01-02
서귀포시,제주휴리조트 Ⅱ,제주특별자치도 서귀포시 성산읍 난고로 230,064-782-1166,2020-01-02
서귀포시,더썸휴양펜션,제주특별자치도 서귀포시 성산읍 난고로42번길 110,064-787-8181,2020-01-02
서귀포시,쿠지 홀리데이,제주특별자치도 서귀포시 성산읍 난산로 100,,2020-01-02
서귀포시,맨도롱하우스,제주특별자치도 서귀포시 성산읍 난산로 173,064-787-7171,2020-01-02
서귀포시,장춘황토마을,제주특별자치도 서귀포시 성산읍 난산온평로 12-129,,2020-01-02
서귀포시,플레이스,제주특별자치도 서귀포시 성산읍 동류암로 20,064-766-3041,2020-01-02
서귀포시,더베스트제주성산호텔,제주특별자치도 서귀포시 성산읍 동류암로 26,064-784-0550,2020-01-02
서귀포시,제주룩스호텔,제주특별자치도 서귀포시 성산읍 동류암로 38,064-782-1111,2020-01-02
서귀포시,프린스장,제주특별자치도 서귀포시 성산읍 동류암로36번길 2,064-784-6660,2020-01-02
서귀포시,성산포스카이호텔,제주특별자치도 서귀포시 성산읍 동류암로36번길 6,064-784-7000,2020-01-02
서귀포시,동남모텔,제주특별자치도 서귀포시 성산읍 동류암로39번길 13,064-782-2511,2020-01-02
서귀포시,어라운드폴리,제주특별자치도 서귀포시 성산읍 서성일로 433,064-783-6226,2020-01-02
서귀포시,그린나래,제주특별자치도 서귀포시 성산읍 서성일로 615,064-782-9084,2020-01-02
서귀포시,고투베드,제주특별자치도 서귀포시 성산읍 서성일로 660,064-783-9355,2020-01-02
서귀포시,산들애풀하우스,제주특별자치도 서귀포시 성산읍 서성일로 689-8,064-784-1988,2020-01-02
서귀포시,엔파제주호텔,제주특별자치도 서귀포시 성산읍 서성일로 726-11,064-783-1000,2020-01-02
서귀포시,탐라리조트,제주특별자치도 서귀포시 성산읍 서성일로 726-31,064-784-7337,2020-01-02
서귀포시,제주원리조트,제주특별자치도 서귀포시 성산읍 서성일로 726-33,064-784-7337,2020-01-02
서귀포시,성산호스텔,제주특별자치도 서귀포시 성산읍 서성일로 726-35,064-784-7337,2020-01-02
서귀포시,오라호스텔,제주특별자치도 서귀포시 성산읍 서성일로 726-37,064-784-7337,2020-01-02
서귀포시,고성2119,제주특별자치도 서귀포시 성산읍 서성일로1136번길 14,,2020-01-02
서귀포시,휘닉스제주섭지코지,제주특별자치도 서귀포시 성산읍 섭지코지로 107,064-731-7920,2020-01-02
서귀포시,오션스타휴양콘도미니엄,제주특별자치도 서귀포시 성산읍 섭지코지로 169,064-783-1888,2020-01-02
서귀포시,호텔엠씨씨,제주특별자치도 서귀포시 성산읍 섭지코지로25번길 29,064-783-2219,2020-01-02
서귀포시,제주티라호텔,제주특별자치도 서귀포시 성산읍 섭지코지로25번길 41,064-786-5353,2020-01-02
서귀포시,해뜨는초록마을휴양펜션,제주특별자치도 서귀포시 성산읍 섭지코지로25번길 8,,2020-01-02
서귀포시,미도모텔,제주특별자치도 서귀포시 성산읍 성산등용로 1,064-782-0820,2020-01-02
서귀포시,성산비치호텔,제주특별자치도 서귀포시 성산읍 성산등용로 13,064-784-1000,2020-01-02
서귀포시,코업시티호텔성산,제주특별자치도 서귀포시 성산읍 성산등용로 28,064-780-9800,2020-01-02
서귀포시,호텔아로하,제주특별자치도 서귀포시 성산읍 성산등용로 40,064-782-3100,2020-01-02
서귀포시,브리즈 베이 호텔,제주특별자치도 서귀포시 성산읍 성산등용로 42,064-784-0000,2020-01-02
서귀포시,성산여관,제주특별자치도 서귀포시 성산읍 성산등용로 8,064-782-0077,2020-01-02
서귀포시,성산썬라이즈호텔,제주특별자치도 서귀포시 성산읍 성산등용로17번길 35,064-738-9780,2020-01-02
서귀포시,헤라호텔,제주특별자치도 서귀포시 성산읍 성산등용로17번길 5,064-782-2500,2020-01-02
서귀포시,금호여관,제주특별자치도 서귀포시 성산읍 성산중앙로 30-11,064-784-0277,2020-01-02
서귀포시,성산브라보,제주특별자치도 서귀포시 성산읍 성산중앙로 43,064-784-0345,2020-01-02
서귀포시,휴안스테이호텔,제주특별자치도 서귀포시 성산읍 성산중앙로37번길 9,064-786-1500,2020-01-02
서귀포시,성산녘,제주특별자치도 서귀포시 성산읍 성산중앙로40번길 12,,2020-01-02
서귀포시,펠리스타운,제주특별자치도 서귀포시 성산읍 시흥하동로50번길 23,064-782-4003,2020-01-02
서귀포시,제주스테이,제주특별자치도 서귀포시 성산읍 신고로 11,064-783-8877,2020-01-02
서귀포시,썬라이즈호텔섭지코지점,제주특별자치도 서귀포시 성산읍 신양로 83,064-784-7848,2020-01-02
서귀포시,건축학개론,제주특별자치도 서귀포시 성산읍 신풍하동로 224-33,064-784-0007,2020-01-02
서귀포시,동그리랑네몽,제주특별자치도 서귀포시 성산읍 신풍하동로 224-33,064-784-0007,2020-01-02
서귀포시,제주빌레성통나무휴양펜션,제주특별자치도 서귀포시 성산읍 온평포구로 42,064-782-0559,2020-01-02
서귀포시,나무향가득펜션,제주특별자치도 서귀포시 성산읍 온평포구로54번길 14,,2020-01-02
서귀포시,제주올레돔,제주특별자치도 서귀포시 성산읍 온평포구로54번길 54,064-784-1177,2020-01-02
서귀포시,코델리아S호텔,제주특별자치도 서귀포시 성산읍 일주동로 4186,064-782-0053,2020-01-02
서귀포시,성산아쿠아비치호텔,제주특별자치도 서귀포시 성산읍 일주동로 4258,064-780-3000,2020-01-02
서귀포시,(주)라사니아캐슬리조트,제주특별자치도 서귀포시 성산읍 일주동로 5199,064-784-6543,2020-01-02
서귀포시,메모리아리조트,제주특별자치도 서귀포시 성산읍 일주동로 5199-3,064-711-6767,2020-01-02
서귀포시,해마지 휴양펜션,제주특별자치도 서귀포시 성산읍 일주동로 5431,064-787-2465,2020-01-02
서귀포시,코델리아호스텔,제주특별자치도 서귀포시 성산읍 일주동로4120번길 23-16,070-4548-2200,2020-01-02
서귀포시,코델리아리조트,제주특별자치도 서귀포시 성산읍 일주동로4120번길 23-20,070-4548-2200,2020-01-02
서귀포시,블루마운틴,제주특별자치도 서귀포시 성산읍 일출로 297,064-731-8888,2020-01-02
서귀포시,골든튤립제주성산호텔,제주특별자치도 서귀포시 성산읍 일출로 31,064-744-7500,2020-01-02
서귀포시,(주)다산네트웍스,제주특별자치도 서귀포시 성산읍 중산간동로 3140,070-7010-1049,2020-01-02
서귀포시,블루마운틴커피랜드앤리조트,제주특별자치도 서귀포시 성산읍 중산간동로 4259,064-728-0428,2020-01-02
서귀포시,더클라우드 가족호텔,제주특별자치도 서귀포시 성산읍 한도로 269-37,064-783-7839,2020-01-02
서귀포시,썬레이크빌제주휴양펜션,제주특별자치도 서귀포시 성산읍 한도로 49,064-782-2277,2020-01-02
서귀포시,보물섬,제주특별자치도 서귀포시 성산읍 한도로242번길 10-11,064-784-0039,2020-01-02
서귀포시,아띠랑스,제주특별자치도 서귀포시 성산읍 해맞이해안로 2614,064-900-5003,2020-01-02
서귀포시,아름다운리조트,제주특별자치도 서귀포시 성산읍 해맞이해안로 2644,064-782-1300,2020-01-02
서귀포시,봄그리고 가을 가족호텔,제주특별자치도 서귀포시 성산읍 해맞이해안로 2652,064-784-2211,2020-01-02
서귀포시,봄그리고가을리조트,제주특별자치도 서귀포시 성산읍 해맞이해안로 2660,064-784-2211,2020-01-02
서귀포시,더포그레이스호텔앤리조트,제주특별자치도 서귀포시 성산읍 해맞이해안로 2670,064-797-7700,2020-01-02
서귀포시,취다선리조트,제주특별자치도 서귀포시 성산읍 해맞이해안로 2688,064-735-1600,2020-01-02
서귀포시,온더스톤휴양펜션,제주특별자치도 서귀포시 성산읍 해맞이해안로 2746,064-782-0305,2020-01-02
서귀포시,바랑쉬,제주특별자치도 서귀포시 성산읍 환해장성로 496,,2020-01-02
서귀포시,오션그린,제주특별자치도 서귀포시 성산읍 환해장성로 665,064-717-7300,2020-01-02
서귀포시,오션스퀘어,제주특별자치도 서귀포시 성산읍 환해장성로 667,064-717-7300,2020-01-02
서귀포시,온평오션스퀘어,제주특별자치도 서귀포시 성산읍 환해장성로 669,064-717-7300,2020-01-02
서귀포시,아라온리조트,제주특별자치도 서귀포시 소보리당로 220,064-738-9300,2020-01-02
서귀포시,중문훼미리콘도미니엄,제주특별자치도 서귀포시 소보리당로164번길 83,064-738-7871,2020-01-02
서귀포시,비스비제주 앤 팜빌리지,제주특별자치도 서귀포시 속골로 29-10,064-739-5100,2020-01-02
서귀포시,아이리스호스텔,제주특별자치도 서귀포시 솔동산로 16-1,064-763-5400,2020-01-02
서귀포시,남일모텔,제주특별자치도 서귀포시 솔동산로 26-16,064-733-0617,2020-01-02
서귀포시,스플래시리조트,제주특별자치도 서귀포시 솔동산로 28,064-732-1277,2020-01-02
서귀포시,천지연호텔,제주특별자치도 서귀포시 솔동산로 40,064-762-1002,2020-01-02
서귀포시,셀라모텔,제주특별자치도 서귀포시 솔동산로 9-3,064-732-3030,2020-01-02
서귀포시,남미호텔,제주특별자치도 서귀포시 솔동산로10번길 19,064-733-0613,2020-01-02
서귀포시,밀라노,제주특별자치도 서귀포시 솔동산로10번길 2,064-733-5421,2020-01-02
서귀포시,제주 나인 부띠끄,제주특별자치도 서귀포시 솔동산로10번길 23,064-762-0045,2020-01-02
서귀포시,일미모텔,제주특별자치도 서귀포시 솔동산로10번길 39,064-732-4881,2020-01-02
서귀포시,동원호스텔,제주특별자치도 서귀포시 솔동산로10번길 45,064-732-8001,2020-01-02
서귀포시,정방게스트하우스,제주특별자치도 서귀포시 솔동산로21번길 16-1,064-762-0169,2020-01-02
서귀포시,호텔연,제주특별자치도 서귀포시 솔동산로22번길 17-2,064-763-8855,2020-01-02
서귀포시,구덕게스트,제주특별자치도 서귀포시 솔동산로22번길 20,064-763-2380,2020-01-02
서귀포시,나포리호텔,제주특별자치도 서귀포시 솔동산로22번길 21,064-733-4701,2020-01-02
서귀포시,신성호텔,제주특별자치도 서귀포시 솔동산로22번길 5,064-732-1415,2020-01-02
서귀포시,더큐브리조트제주,제주특별자치도 서귀포시 솔오름로105번길 24,064-766-0855,2020-01-02
서귀포시,쇠소깍휴양펜션,제주특별자치도 서귀포시 쇠소깍로 138,064-767-2900,2020-01-02
서귀포시,소금막호스텔,제주특별자치도 서귀포시 쇠소깍로 151-14,064-767-0883,2020-01-02
서귀포시,해와돌바라기 휴양펜션,제주특별자치도 서귀포시 쇠소깍로 209,064-767-8811,2020-01-02
서귀포시,퍼블리코,제주특별자치도 서귀포시 신서로48번길 20-9,064-720-8282,2020-01-02
서귀포시,체이슨호텔더스마일,제주특별자치도 서귀포시 신서로48번길 50,064-739-7844,2020-01-02
서귀포시,더 스테이,제주특별자치도 서귀포시 신서로48번길 52-7,064-738-9933,2020-01-02
서귀포시,호텔윈스카이,제주특별자치도 서귀포시 신중남로 17,064-730-0000,2020-01-02
서귀포시,나인브릿지콘도미니엄,제주특별자치도 서귀포시 안덕면 광평로 34-156,064-792-6000,2020-01-02
서귀포시,바당뜰,제주특별자치도 서귀포시 안덕면 난드르로 49-39,064-738-5056,2020-01-02
서귀포시,글래드호텔앤리조트(주)제주항공우주호텔,제주특별자치도 서귀포시 안덕면 녹차분재로 216,064-798-5500,2020-01-02
서귀포시,소소한,제주특별자치도 서귀포시 안덕면 대평감산로 35,064-738-6313,2020-01-02
서귀포시,중문허브독채펜션,제주특별자치도 서귀포시 안덕면 대평감산로 57,,2020-01-02
서귀포시,풀향기 휴양펜션,제주특별자치도 서귀포시 안덕면 대평감산로 59,064-738-3368,2020-01-02
서귀포시,아이로제주,제주특별자치도 서귀포시 안덕면 대평감산로 75,064-738-3816,2020-01-02
서귀포시,신나림브띠끄호텔,제주특별자치도 서귀포시 안덕면 대평로 37,064-738-3869,2020-01-02
서귀포시,라림부띠끄호텔,제주특별자치도 서귀포시 안덕면 대평로 39,064-738-3869,2020-01-02
서귀포시,썬앤문,제주특별자치도 서귀포시 안덕면 사계남로 102,064-794-6633,2020-01-02
서귀포시,젠,제주특별자치도 서귀포시 안덕면 사계남로 186-8,064-794-0133,2020-01-02
서귀포시,제주해안휴양펜션,제주특별자치도 서귀포시 안덕면 사계남로 89,064-794-1886,2020-01-02
서귀포시,그랑부르,제주특별자치도 서귀포시 안덕면 사계남로153번길 10,064-792-5567,2020-01-02
서귀포시,유니콘,제주특별자치도 서귀포시 안덕면 사계남로153번길 16,064-792-3013,2020-01-02
서귀포시,오션하우스,제주특별자치도 서귀포시 안덕면 사계남로216번길 42,064-794-4541,2020-01-02
서귀포시,바다스케치,제주특별자치도 서귀포시 안덕면 사계남로216번길 52,064-794-0030,2020-01-02
서귀포시,엠제이(MJ)펜션,제주특별자치도 서귀포시 안덕면 사계로 155,064-792-6661,2020-01-02
서귀포시,로하스펜션,제주특별자치도 서귀포시 안덕면 사계로 62,064-794-2288,2020-01-02
서귀포시,제주산방산황토펜션,제주특별자치도 서귀포시 안덕면 사계로 62-1,,2020-01-02
서귀포시,산방산 애 다온빌,제주특별자치도 서귀포시 안덕면 사계로114번길 53-19,064-794-0059,2020-01-02
서귀포시,산방산 애 하늘내린빌,제주특별자치도 서귀포시 안덕면 사계로114번길 53-21,064-794-0040,2020-01-02
서귀포시,산방산 애 누루빌,제주특별자치도 서귀포시 안덕면 사계로114번길 53-23,064-794-0040,2020-01-02
서귀포시,스테이숲이되는시간,제주특별자치도 서귀포시 안덕면 사계로114번길 54-102,,2020-01-02
서귀포시,아리하우스,제주특별자치도 서귀포시 안덕면 사계로114번길 54-93,064-792-7878,2020-01-02
서귀포시,미르빌힐링타운,제주특별자치도 서귀포시 안덕면 사계로114번길 84,064-792-2994,2020-01-02
서귀포시,미르빌,제주특별자치도 서귀포시 안덕면 사계로114번길 89,064-792-2918,2020-01-02
서귀포시,K두빛나래리조트,제주특별자치도 서귀포시 안덕면 사계북로 107,064-792-0045,2020-01-02
서귀포시,J두빛나래 리조트,제주특별자치도 서귀포시 안덕면 사계북로 109,064-792-0045,2020-01-02
서귀포시,루시드엠,제주특별자치도 서귀포시 안덕면 사계북로 120,064-794-1690,2020-01-02
서귀포시,해담은 제주스파빌,제주특별자치도 서귀포시 안덕면 사계북로 157-15,064-792-4200,2020-01-02
서귀포시,뫼담은 제주스파빌,제주특별자치도 서귀포시 안덕면 사계북로 157-17,064-792-4200,2020-01-02
서귀포시,더머뭄 휴양펜션,제주특별자치도 서귀포시 안덕면 사계북로 157-20,064-794-6006,2020-01-02
서귀포시,오션힐스테이,제주특별자치도 서귀포시 안덕면 사계북로 208,064-792-0102,2020-01-02
서귀포시,나르샤호스텔,제주특별자치도 서귀포시 안덕면 사계북로 52,064-792-8522,2020-01-02
서귀포시,하늘조각휴양펜션,제주특별자치도 서귀포시 안덕면 사계북로 75,064-792-6161,2020-01-02
서귀포시,연암재1,제주특별자치도 서귀포시 안덕면 사계북로 76,,2020-01-02
서귀포시,연암재2,제주특별자치도 서귀포시 안덕면 사계북로 78,,2020-01-02
서귀포시,산방산에 펜션,제주특별자치도 서귀포시 안덕면 사계북로41번길 151,064-794-3100,2020-01-02
서귀포시,산방산온천 게스트하우스,제주특별자치도 서귀포시 안덕면 사계북로41번길 192,064-792-2756,2020-01-02
서귀포시,쉘스토리,제주특별자치도 서귀포시 안덕면 사계북로41번길 30,064-792-5060,2020-01-02
서귀포시,스토리,제주특별자치도 서귀포시 안덕면 사계북로41번길 32,064-792-5060,2020-01-02
서귀포시,콤마앤리조트,제주특별자치도 서귀포시 안덕면 사계중앙로3번길 22,064-903-1177,2020-01-02
서귀포시,루체빌리조트,제주특별자치도 서귀포시 안덕면 산록남로 786,064-805-0114,2020-01-02
서귀포시,포도호텔,제주특별자치도 서귀포시 안덕면 산록남로 863,064-793-7000,2020-01-02
서귀포시,디 아넥스,제주특별자치도 서귀포시 안덕면 산록남로762번길 71,064-792-5200,2020-01-02
서귀포시,테디벨리리조트 휴양콘도미니엄,제주특별자치도 서귀포시 안덕면 서광동로34번길 204,064-793-6801,2020-01-02
서귀포시,더살다,제주특별자치도 서귀포시 안덕면 서광서문로 15-31,,2020-01-02
서귀포시,아로마리조트제주타운,제주특별자치도 서귀포시 안덕면 신화역사로1097번길 178,064-792-8888,2020-01-02
서귀포시,제주신화빌라스,제주특별자치도 서귀포시 안덕면 신화역사로304번길 139,064-760-8230,2020-01-02
서귀포시,제주신화월드호텔앤리조트,제주특별자치도 서귀포시 안덕면 신화역사로304번길 38,064-908-3324,2020-01-02
서귀포시,담모라,제주특별자치도 서귀포시 안덕면 일주서로 1975-11,064-792-6678,2020-01-02
서귀포시,담모라휴양펜션,제주특별자치도 서귀포시 안덕면 일주서로 1975-17,064-792-6678,2020-01-02
서귀포시,담모라호텔,제주특별자치도 서귀포시 안덕면 일주서로 1975-19,064-792-6678,2020-01-02
서귀포시,웨스티하우스,제주특별자치도 서귀포시 안덕면 일주서로1488번길 11,,2020-01-02
서귀포시,스마트모텔,제주특별자치도 서귀포시 안덕면 중산간서로 1913-58,064-792-5552,2020-01-02
서귀포시,(주)캐슬렉스제주 휴양콘도미니엄,제주특별자치도 서귀포시 안덕면 평화로 1241,064-793-6622,2020-01-02
서귀포시,마루호스텔,제주특별자치도 서귀포시 안덕면 평화로 486,064-794-5665,2020-01-02
서귀포시,호호아이,제주특별자치도 서귀포시 안덕면 평화로 492-10,,2020-01-02
서귀포시,라이온힐펜션,제주특별자치도 서귀포시 안덕면 평화로 507,064-794-5353,2020-01-02
서귀포시,신신휴양펜션,제주특별자치도 서귀포시 안덕면 평화로319번길 137-11,064-794-5834,2020-01-02
서귀포시,쉴띠휴양펜션,제주특별자치도 서귀포시 안덕면 한창로 102-1,070-4111-6695,2020-01-02
서귀포시,호텔테디밸리,제주특별자치도 서귀포시 안덕면 한창로 365,064-793-1000,2020-01-02
서귀포시,용산유원,제주특별자치도 서귀포시 안덕면 향교로 165-23,064-795-9955,2020-01-02
서귀포시,까사데비발디,제주특별자치도 서귀포시 안덕면 향교로 214,064-794-8970,2020-01-02
서귀포시,명지여인숙,제주특별자치도 서귀포시 안덕면 화순로 170,064-794-9422,2020-01-02
서귀포시,제주레저파크텔,제주특별자치도 서귀포시 안덕면 화순서서로 63,064-792-8254,2020-01-02
서귀포시,와이리조트 제주,제주특별자치도 서귀포시 안덕면 화순중앙로124번길 75,064-794-7007,2020-01-02
서귀포시,에쿠스모텔,제주특별자치도 서귀포시 안덕면 화순중앙로54번길 5,064-792-2341,2020-01-02
서귀포시,중문빌리지,제주특별자치도 서귀포시 예래로 270,064-738-3151,2020-01-02
서귀포시,베이힐풀앤빌라,제주특별자치도 서귀포시 예래로 424,064-801-9000,2020-01-02
서귀포시,호텔스카브로,제주특별자치도 서귀포시 예래해안로 15,064-738-1007,2020-01-02
서귀포시,부띠끄스테이스놉,제주특별자치도 서귀포시 예래해안로 17,064-738-3655,2020-01-02
서귀포시,히든클리프호텔&네이쳐,제주특별자치도 서귀포시 예래해안로 542,064-752-7777,2020-01-02
서귀포시,토스카나호텔,제주특별자치도 서귀포시 용흥로66번길 158-7,064-735-7000,2020-01-02
서귀포시,오션트리 호스텔,제주특별자치도 서귀포시 월드컵로 188,064-739-1239,2020-01-02
서귀포시,주식회사 폴에이리조트,제주특별자치도 서귀포시 월드컵로45번길 40,064-739-3001,2020-01-02
서귀포시,뜨레피아,제주특별자치도 서귀포시 월평하원로 111,064-738-5848,2020-01-02
서귀포시,골드원호텔,제주특별자치도 서귀포시 이어도로 1032,064-801-5000,2020-01-02
서귀포시,수모루휴양펜션,제주특별자치도 서귀포시 이어도로 1059,,2020-01-02
서귀포시,화이트캐슬,제주특별자치도 서귀포시 이어도로 1060,064-739-8811,2020-01-02
서귀포시,나폴리,제주특별자치도 서귀포시 이어도로 139,064-738-4820,2020-01-02
서귀포시,휴양펜션모던나폴리,제주특별자치도 서귀포시 이어도로 139,064-739-4820,2020-01-02
서귀포시,브릭 216,제주특별자치도 서귀포시 이어도로 216,064-739-0216,2020-01-02
서귀포시,하원가휴양펜션,제주특별자치도 서귀포시 이어도로 278,,2020-01-02
서귀포시,휴식호텔중문오션블루,제주특별자치도 서귀포시 이어도로 67,064-722-9991,2020-01-02
서귀포시,켄싱턴리조트 서귀포점,제주특별자치도 서귀포시 이어도로 684,064-739-9001,2020-01-02
서귀포시,올레요리조트,제주특별자치도 서귀포시 이어도로 720,064-739-8558,2020-01-02
서귀포시,에띠에호스텔,제주특별자치도 서귀포시 이어도로 738,064-739-1700,2020-01-02
서귀포시,마린포트리조트,제주특별자치도 서귀포시 이어도로 744,064-738-2277,2020-01-02
서귀포시,더비비스제주(The BB's JEJU),제주특별자치도 서귀포시 이어도로 760,064-739-4114,2020-01-02
서귀포시,글레즈하임호텔,제주특별자치도 서귀포시 이어도로 777,064-735-0200,2020-01-02
서귀포시,레지나 펜션,제주특별자치도 서귀포시 이어도로 789,064-730-0800,2020-01-02
서귀포시,파미유리조트가족호텔,제주특별자치도 서귀포시 이어도로 826-6,064-738-9186,2020-01-02
서귀포시,신성리조트,제주특별자치도 서귀포시 이어도로 989,064-739-0114,2020-01-02
서귀포시,뷰티플 리조트,제주특별자치도 서귀포시 이어도로253번길 2,064-738-7407,2020-01-02
서귀포시,담앤루,제주특별자치도 서귀포시 이어도로343번길 63,064-739-6617,2020-01-02
서귀포시,다정여인숙,제주특별자치도 서귀포시 이중섭로 23-5,064-762-3697,2020-01-02
서귀포시,제니스홈,제주특별자치도 서귀포시 이중섭로 31,064-726-4200,2020-01-02
서귀포시,가산토방호스텔,제주특별자치도 서귀포시 인정오름로86번길 3,064-732-2095,2020-01-02
서귀포시,도라미휴양펜션,제주특별자치도 서귀포시 일주동로 8215,064-767-9797,2020-01-02
서귀포시,호텔 펠리시아,제주특별자치도 서귀포시 일주동로 9123,064-739-0400,2020-01-02
서귀포시,모나코휴양펜션,제주특별자치도 서귀포시 일주서로 166-56,064-767-2003,2020-01-02
서귀포시,제이팜휴양펜션,제주특별자치도 서귀포시 일주서로 505,064-738-0117,2020-01-02
서귀포시,(주)일레인,제주특별자치도 서귀포시 일주서로 660,064-738-2013,2020-01-02
서귀포시,이린펜션,제주특별자치도 서귀포시 일주서로43번길 5,064-739-5775,2020-01-02
서귀포시,노블모텔,제주특별자치도 서귀포시 정방로 7-1,064-762-6594,2020-01-02
서귀포시,리치모텔,제주특별자치도 서귀포시 정방로 7-6,064-732-5963,2020-01-02
서귀포시,한란장여관,제주특별자치도 서귀포시 정방로 7-9,064-733-2313,2020-01-02
서귀포시,(주)레이크힐스리조트제주,제주특별자치도 서귀포시 존제로 24,064-738-8778,2020-01-02
서귀포시,씨사이드아덴,제주특별자치도 서귀포시 중문관광로 124,064-738-9800,2020-01-02
서귀포시,그랑빌 가족호텔,제주특별자치도 서귀포시 중문관광로 17,064-739-9994,2020-01-02
서귀포시,씨에스호텔앤리조트,제주특별자치도 서귀포시 중문관광로 198,064-738-5982,2020-01-02
서귀포시,제주 부영리조트,제주특별자치도 서귀포시 중문관광로 216,064-731-5500,2020-01-02
서귀포시,제주 부영호텔,제주특별자치도 서귀포시 중문관광로 222,064-731-5500,2020-01-02
서귀포시,아리아호텔,제주특별자치도 서귀포시 중문관광로 23-1,064-738-8981,2020-01-02
서귀포시,중문스테이,제주특별자치도 서귀포시 중문관광로 288,064-738-1956,2020-01-02
서귀포시,중문썬라이즈 호스텔,제주특별자치도 서귀포시 중문관광로 310,064-763-2299,2020-01-02
서귀포시,더쇼어호텔제주,제주특별자치도 서귀포시 중문관광로72번길 114,064-735-8592,2020-01-02
서귀포시,(주)이랜드파크한국콘도제주중문,제주특별자치도 서귀포시 중문관광로72번길 29-29,064-738-9101,2020-01-02
서귀포시,(주)롯데호텔제주,제주특별자치도 서귀포시 중문관광로72번길 35,064-731-1000,2020-01-02
서귀포시,(주)호텔하나,제주특별자치도 서귀포시 중문관광로72번길 53,064-738-7001,2020-01-02
서귀포시,(주)교원스위트호텔제주,제주특별자치도 서귀포시 중문관광로72번길 67,064-738-3800,2020-01-02
서귀포시,호텔신라제주,제주특별자치도 서귀포시 중문관광로72번길 75,064-738-4466,2020-01-02
서귀포시,제주에코스위츠,제주특별자치도 서귀포시 중문상로 207-13,064-738-9975,2020-01-02
서귀포시,중문시티호텔,제주특별자치도 서귀포시 중문상로 27,,2020-01-02
서귀포시,휴마루호스텔,제주특별자치도 서귀포시 중산간동로8183번길 16,064-762-1111,2020-01-02
서귀포시,팜밸리리조트,제주특별자치도 서귀포시 중산간서로 193,064-738-0002,2020-01-02
서귀포시,제이하우스,제주특별자치도 서귀포시 중산간서로 241,064-739-7891,2020-01-02
서귀포시,제이뷰호텔,제주특별자치도 서귀포시 중산간서로 935,064-739-5200,2020-01-02
서귀포시,제주엠리조트,제주특별자치도 서귀포시 중산간서로157번길 28-6,064-739-3883,2020-01-02
서귀포시,중문통나무가족호텔,제주특별자치도 서귀포시 중산간서로594번길 7-28,064-738-8383,2020-01-02
서귀포시,중문통나무휴양펜션,제주특별자치도 서귀포시 중산간서로594번길 7-8,064-738-8383,2020-01-02
서귀포시,오션팰리스호텔,제주특별자치도 서귀포시 중앙로 14,064-730-5800,2020-01-02
서귀포시,그레잇702,제주특별자치도 서귀포시 중앙로 19-2,,2020-01-02
서귀포시,신세계호텔,제주특별자치도 서귀포시 중앙로 2-2,064-732-5800,2020-01-02
서귀포시,내집인제주,제주특별자치도 서귀포시 중앙로 23-1,,2020-01-02
서귀포시,제주 베네치아 호텔,제주특별자치도 서귀포시 중앙로 23-6,064-762-9996,2020-01-02
서귀포시,선인장여관,제주특별자치도 서귀포시 중앙로41번길 13,064-732-2599,2020-01-02
서귀포시,렉스호스텔,제주특별자치도 서귀포시 중앙로42번길 42-1,064-762-1600,2020-01-02
서귀포시,록산장여관,제주특별자치도 서귀포시 중앙로47번길 11,064-732-4000,2020-01-02
서귀포시,에프케이알레그리아호텔제주,제주특별자치도 서귀포시 중앙로47번길 25,064-803-0887,2020-01-02
서귀포시,비스타케이천지연,제주특별자치도 서귀포시 중앙로47번길 25,064-804-0000,2020-01-02
서귀포시,은하여관,제주특별자치도 서귀포시 중앙로47번길 40,064-733-6678,2020-01-02
서귀포시,진모텔,제주특별자치도 서귀포시 중앙로47번길 7-1,,2020-01-02
서귀포시,동원여관,제주특별자치도 서귀포시 중앙로48번길 3,064-733-7151,2020-01-02
서귀포시,호텔DK,제주특별자치도 서귀포시 중앙로54번길 12,064-763-9002,2020-01-02
서귀포시,3번지여인숙,제주특별자치도 서귀포시 중앙로59번길 11,064-762-8244,2020-01-02
서귀포시,추풍령모텔,제주특별자치도 서귀포시 중앙로59번길 12,064-763-1671,2020-01-02
서귀포시,올레로하우스,제주특별자치도 서귀포시 중앙로59번길 16,064-732-3081,2020-01-02
서귀포시,스타성여관,제주특별자치도 서귀포시 중앙로71번길 15-4,064-763-4677,2020-01-02
서귀포시,크라운모텔,제주특별자치도 서귀포시 중앙로71번길 15-6,064-763-9200,2020-01-02
서귀포시,호텔휴식서귀포,제주특별자치도 서귀포시 중앙로71번길 17,064-730-5000,2020-01-02
서귀포시,만수각여관,제주특별자치도 서귀포시 중앙로79번길 7,064-763-5420,2020-01-02
서귀포시,호텔라벤더제주,제주특별자치도 서귀포시 중정로 1,064-762-7900,2020-01-02
서귀포시,대전여인숙,제주특별자치도 서귀포시 중정로 100-2,064-738-7121,2020-01-02
서귀포시,호텔윈스토리,제주특별자치도 서귀포시 중정로 11,064-741-0000,2020-01-02
서귀포시,호텔올레세븐,제주특별자치도 서귀포시 중정로 14,064-733-5477,2020-01-02
서귀포시,주식회사호텔크리스탈,제주특별자치도 서귀포시 중정로 16,064-732-8311,2020-01-02
서귀포시,경원모텔,제주특별자치도 서귀포시 중정로 19-6,064-733-3338,2020-01-02
서귀포시,대명여관,제주특별자치도 서귀포시 중정로 19-7,064-733-0889,2020-01-02
서귀포시,대림모텔,제주특별자치도 서귀포시 중정로 21,064-732-0500,2020-01-02
서귀포시,올레스테이,제주특별자치도 서귀포시 중정로 22,064-762-2167,2020-01-02
서귀포시,백패커스홈투,제주특별자치도 서귀포시 중정로 24,064-763-4000,2020-01-02
서귀포시,백패커스홈,제주특별자치도 서귀포시 중정로 24-7,064-763-4000,2020-01-02
서귀포시,이아호텔,제주특별자치도 서귀포시 중정로 36,,2020-01-02
서귀포시,동일여인숙,제주특별자치도 서귀포시 중정로 96-6,064-762-3463,2020-01-02
서귀포시,스트로베리 필드,제주특별자치도 서귀포시 중정로61번길 11-1,064-732-4632,2020-01-02
서귀포시,반도여관,제주특별자치도 서귀포시 중정로61번길 17,064-763-5007,2020-01-02
서귀포시,호텔버지니아,제주특별자치도 서귀포시 중정로61번길 31,064-767-5555,2020-01-02
서귀포시,락희여관,제주특별자치도 서귀포시 중정로91번길 11,064-763-3311,2020-01-02
서귀포시,미미여관,제주특별자치도 서귀포시 중정로91번길 12-1,064-762-5773,2020-01-02
서귀포시,영림여관,제주특별자치도 서귀포시 중정로91번길 28,064-732-8833,2020-01-02
서귀포시,태흥여관,제주특별자치도 서귀포시 중정로91번길 54,064-762-0110,2020-01-02
서귀포시,금학장여관,제주특별자치도 서귀포시 중정로91번길 57-2,064-732-4833,2020-01-02
서귀포시,천제연휴양팬션,제주특별자치도 서귀포시 천제연로 131-7,064-738-7545,2020-01-02
서귀포시,해리안호텔,제주특별자치도 서귀포시 천제연로 153,064-739-3030,2020-01-02
서귀포시,해성파크텔,제주특별자치도 서귀포시 천제연로 158-4,064-738-5050,2020-01-02
서귀포시,베니키아중문호텔,제주특별자치도 서귀포시 천제연로 166,064-746-0401,2020-01-02
서귀포시,천제모텔,제주특별자치도 서귀포시 천제연로 189,064-738-1115,2020-01-02
서귀포시,유어스호텔,제주특별자치도 서귀포시 천제연로178번길 21,064-733-7500,2020-01-02
서귀포시,제이힐호스텔,제주특별자치도 서귀포시 천제연로188번길 11,,2020-01-02
서귀포시,레지던스 예그린하우스,제주특별자치도 서귀포시 천제연로188번길 15,064-738-8660,2020-01-02
서귀포시,중문사우나모텔,제주특별자치도 서귀포시 천제연로188번길 17,064-738-6390,2020-01-02
서귀포시,올레휴,제주특별자치도 서귀포시 천지로 13,064-762-9102,2020-01-02
서귀포시,서현호스텔,제주특별자치도 서귀포시 천지로 15,,2020-01-02
서귀포시,송원여관,제주특별자치도 서귀포시 천지로 31,064-733-2531,2020-01-02
서귀포시,슬로시티게스트하우스,제주특별자치도 서귀포시 천지로 33,064-762-4636,2020-01-02
서귀포시,꼬닥꼬닥,제주특별자치도 서귀포시 천지로 39,064-733-7789,2020-01-02
서귀포시,대중각여관,제주특별자치도 서귀포시 천지로 7,064-732-7268,2020-01-02
서귀포시,동연장여관,제주특별자치도 서귀포시 천지연로 17-1,064-733-5503,2020-01-02
서귀포시,바다해호텔,제주특별자치도 서귀포시 천지연로 3-1,064-762-5300,2020-01-02
서귀포시,천지연크리스탈호텔,제주특별자치도 서귀포시 천지연로 39,064-732-1811,2020-01-02
서귀포시,폭포여관,제주특별자치도 서귀포시 천지연로21번길 10,064-762-2485,2020-01-02
서귀포시,테마모텔,제주특별자치도 서귀포시 천지연로21번길 8-1,064-733-3711,2020-01-02
서귀포시,마이모텔,제주특별자치도 서귀포시 천지연로29번길 12,064-767-9919,2020-01-02
서귀포시,피노호텔,제주특별자치도 서귀포시 천지연로29번길 5,064-763-3005,2020-01-02
서귀포시,더루케테호텔,제주특별자치도 서귀포시 천지연로29번길 8,064-732-8814,2020-01-02
서귀포시,제주플라야,제주특별자치도 서귀포시 최영로 20-5,064-738-6262,2020-01-02
서귀포시,(주)KAL호텔네트워크 (서귀포KAL호텔),제주특별자치도 서귀포시 칠십리로 242,064-733-2001,2020-01-02
서귀포시,한옥호텔한라궁,제주특별자치도 서귀포시 칠십리로 243,064-732-7900,2020-01-02
서귀포시,에버그린빌,제주특별자치도 서귀포시 칠십리로 310-23,064-762-3746,2020-01-02
서귀포시,돔스토리휴양펜션,제주특별자치도 서귀포시 칠십리로 310-41,064-767-3888,2020-01-02
서귀포시,허니문빌리지,제주특별자치도 서귀포시 칠십리로 340,064-762-0069,2020-01-02
서귀포시,더블루 제주,제주특별자치도 서귀포시 칠십리로 479,064-732-6103,2020-01-02
서귀포시,서귀포섬이야기펜션,제주특별자치도 서귀포시 칠십리로 61-1,,2020-01-02
서귀포시,섬게스트하우스,제주특별자치도 서귀포시 칠십리로 61-1,064-732-1313,2020-01-02
서귀포시,포트73,제주특별자치도 서귀포시 칠십리로 73,064-762-8223,2020-01-02
서귀포시,호텔화인,제주특별자치도 서귀포시 칠십리로 87,064-801-8888,2020-01-02
서귀포시,바라크라,제주특별자치도 서귀포시 칠십리로504번길 8-4,064-733-3136,2020-01-02
서귀포시,비케이호텔제주,제주특별자치도 서귀포시 칠십리로91번길 12,064-763-0773,2020-01-02
서귀포시,솔파하우스,제주특별자치도 서귀포시 칠십리로91번길 16,,2020-01-02
서귀포시,백호여관,제주특별자치도 서귀포시 칠십리로91번길 20,064-763-5566,2020-01-02
서귀포시,펠리체호스텔,제주특별자치도 서귀포시 태평로 111,064-739-1166,2020-01-02
서귀포시,제주브릭스,제주특별자치도 서귀포시 태평로 121,064-739-1901,2020-01-02
서귀포시,프라이빗리조트,제주특별자치도 서귀포시 태평로 130,064-738-7299,2020-01-02
서귀포시,덴앤델리조트,제주특별자치도 서귀포시 태평로 156,064-738-7765,2020-01-02
서귀포시,산수장여관,제주특별자치도 서귀포시 태평로 333,064-762-6151,2020-01-02
서귀포시,카사로마호텔(CASALOMA Hotel),제주특별자치도 서귀포시 태평로 347,064-733-2121,2020-01-02
서귀포시,헤이서귀포,제주특별자치도 서귀포시 태평로 363,064-732-5678,2020-01-02
서귀포시,아인스 호스텔,제주특별자치도 서귀포시 태평로 432,064-763-9911,2020-01-02
서귀포시,아트스테이서귀포하버,제주특별자치도 서귀포시 태평로 436,064-801-9901,2020-01-02
서귀포시,H.Y.초이호스텔,제주특별자치도 서귀포시 태평로335번길 11-1,064-732-3070,2020-01-02
서귀포시,한두모텔,제주특별자치도 서귀포시 태평로335번길 21,064-732-4458,2020-01-02
서귀포시,동경모텔,제주특별자치도 서귀포시 태평로335번길 23,064-733-5848,2020-01-02
서귀포시,오렌지호스텔,제주특별자치도 서귀포시 태평로335번길 3,064-762-9393,2020-01-02
서귀포시,엠스테이호텔제주,제주특별자치도 서귀포시 태평로353번길 14,064-800-6000,2020-01-02
서귀포시,퀸모텔,제주특별자치도 서귀포시 태평로353번길 22-19,,2020-01-02
서귀포시,칠십리호텔,제주특별자치도 서귀포시 태평로353번길 22-3,064-732-7707,2020-01-02
서귀포시,중앙여인숙,제주특별자치도 서귀포시 태평로431번길 12,064-762-8914,2020-01-02
서귀포시,만평여관,제주특별자치도 서귀포시 태평로431번길 15,064-762-3528,2020-01-02
서귀포시,영원여인숙,제주특별자치도 서귀포시 태평로431번길 16,064-762-2244,2020-01-02
서귀포시,런호텔,제주특별자치도 서귀포시 태평로431번길 20,064-766-5100,2020-01-02
서귀포시,장수각여관,제주특별자치도 서귀포시 태평로431번길 22,064-732-4536,2020-01-02
서귀포시,디아일랜드블루호텔,제주특별자치도 서귀포시 태평로431번길 3,064-762-6531,2020-01-02
서귀포시,호텔굿인서귀포,제주특별자치도 서귀포시 태평로439번길 14,064-767-9600,2020-01-02
서귀포시,모멘토하우스,제주특별자치도 서귀포시 태평로439번길 21,064-763-0293,2020-01-02
서귀포시,돔베리조트,제주특별자치도 서귀포시 태평로92번길 34,064-739-6780,2020-01-02
서귀포시,블루펄리조트,제주특별자치도 서귀포시 태평로92번길 35,064-739-4003,2020-01-02
서귀포시,코코비치리조트,제주특별자치도 서귀포시 태평로92번길 37,064-760-4222,2020-01-02
서귀포시,제이앤비가족호텔,제주특별자치도 서귀포시 토평남로30번길 10-8,064-733-8864,2020-01-02
서귀포시,제주끄라비펜션,제주특별자치도 서귀포시 토평로148번길 28,064-733-3399,2020-01-02
서귀포시,돔그라미,제주특별자치도 서귀포시 표선면 가시로 137,064-787-9000,2020-01-02
서귀포시,블라제,제주특별자치도 서귀포시 표선면 녹산로 274,064-787-2588,2020-01-02
서귀포시,인간과허브,제주특별자치도 서귀포시 표선면 돈오름로 170,064-787-7364,2020-01-02
서귀포시,제주허브동산,제주특별자치도 서귀포시 표선면 돈오름로 170,064-787-7364,2020-01-02
서귀포시,아망뜨휴양펜션,제주특별자치도 서귀포시 표선면 민속해안로 11,064-787-0300,2020-01-02
서귀포시,해비치리조트,제주특별자치도 서귀포시 표선면 민속해안로 537,064-780-8210,2020-01-02
서귀포시,해비치관광호텔,제주특별자치도 서귀포시 표선면 민속해안로 537,064-780-8221,2020-01-02
서귀포시,사이프러스골프리조트,제주특별자치도 서귀포시 표선면 번영로 2300,064-787-8888,2020-01-02
서귀포시,오크라리조트,제주특별자치도 서귀포시 표선면 번영로 3189,064-805-9922,2020-01-02
서귀포시,제이케이(JK) 드라이브인 호텔,제주특별자치도 서귀포시 표선면 번영로 3274,064-787-6900,2020-01-02
서귀포시,제주통나무휴양펜션,제주특별자치도 서귀포시 표선면 번영로 3328,064-767-3746,2020-01-02
서귀포시,패밀리아펜션,제주특별자치도 서귀포시 표선면 번영로 3340,064-787-9009,2020-01-02
서귀포시,늘푸른리조트,제주특별자치도 서귀포시 표선면 서성일로 118-15,064-787-2343,2020-01-02
서귀포시,초가정원,제주특별자치도 서귀포시 표선면 성읍정의현로56번길 25,,2020-01-02
서귀포시,제주스카이휴양펜션,제주특별자치도 서귀포시 표선면 세성로 352-32,064-787-0067,2020-01-02
서귀포시,제주유유자적,제주특별자치도 서귀포시 표선면 세화강왓로 80,,2020-01-02
서귀포시,블랙랜드레이스,제주특별자치도 서귀포시 표선면 일주동로 6343,064-787-1199,2020-01-02
서귀포시,대명샤인빌리조트,제주특별자치도 서귀포시 표선면 일주동로 6347-17,064-780-7000,2020-01-02
서귀포시,대명샤인빌리조트2차,제주특별자치도 서귀포시 표선면 일주동로 6347-17,064-780-7000,2020-01-02
서귀포시,남녘수산,제주특별자치도 서귀포시 표선면 일주동로 6431,064-787-2116,2020-01-02
서귀포시,야자수풀빌라,제주특별자치도 서귀포시 표선면 일주동로5661번길 33,070-4838-2655,2020-01-02
서귀포시,로만토피아오름추억,제주특별자치도 서귀포시 표선면 중산간동로5220번길 37,,2020-01-02
서귀포시,아토스테이,제주특별자치도 서귀포시 표선면 토산중앙로 249,064-787-6535,2020-01-02
서귀포시,풀하우스,제주특별자치도 서귀포시 표선면 표선동서로 139,,2020-01-02
서귀포시,유림여관,제주특별자치도 서귀포시 표선면 표선동서로 262-5,064-787-6255,2020-01-02
서귀포시,리시온관광호텔,제주특별자치도 서귀포시 표선면 표선동서로 263,064-787-8841,2020-01-02
서귀포시,뉴그린여관,제주특별자치도 서귀포시 표선면 표선백사로 119,064-787-1811,2020-01-02
서귀포시,대우장여관,제주특별자치도 서귀포시 표선면 표선중앙로 66,064-787-3830,2020-01-02
서귀포시,은하수여관,제주특별자치도 서귀포시 표선면 표선중앙로 71,064-787-2889,2020-01-02
서귀포시,신라장여관,제주특별자치도 서귀포시 표선면 표선중앙로 73,064-787-4600,2020-01-02
서귀포시,콤마게스트하우스,제주특별자치도 서귀포시 표선면 표선중앙로 73-9,064-787-0074,2020-01-02
서귀포시,호텔오션,제주특별자치도 서귀포시 표선면 표선중앙로 94,064-787-1414,2020-01-02
서귀포시,비치파크모텔,제주특별자치도 서귀포시 표선면 표선중앙로117번길 1,064-787-7955,2020-01-02
서귀포시,더제이호텔,제주특별자치도 서귀포시 표선면 표선중앙로90번길 12,064-787-3535,2020-01-02
서귀포시,돌과바람리조트,제주특별자치도 서귀포시 하신상로 166,064-732-3210,2020-01-02
서귀포시,자인빌리지펜션,제주특별자치도 서귀포시 하신상로 174-21,064-733-4824,2020-01-02
서귀포시,남극노인성,제주특별자치도 서귀포시 하신상로 216,064-733-8869,2020-01-02
제주시,엠버리조트,제주특별자치도 제주시 1100로 2671-51,064-805-8684,2020-01-02
제주시,부림장,제주특별자치도 제주시 고마로 1,064-727-8254,2020-01-02
제주시,별,제주특별자치도 제주시 고마로 10-3,064-753-3816,2020-01-02
제주시,영자,제주특별자치도 제주시 고마로 2-4,064-722-6450,2020-01-02
제주시,씨엘,제주특별자치도 제주시 고마로 35,064-724-8255,2020-01-02
제주시,하나,제주특별자치도 제주시 고마로 58,064-729-3500,2020-01-02
제주시,선화모텔,제주특별자치도 제주시 고마로11길 4-2,064-755-5575,2020-01-02
제주시,동궁,제주특별자치도 제주시 고마로13길 4-1,064-753-6778,2020-01-02
제주시,호텔루트,제주특별자치도 제주시 고마로15길 33,064-755-8813,2020-01-02
제주시,레몬,제주특별자치도 제주시 고마로16길 2,064-757-7110,2020-01-02
제주시,브르하우스,제주특별자치도 제주시 고마로1길 1,064-755-5933,2020-01-02
제주시,국보,제주특별자치도 제주시 고마로1길 1-1,064-722-4031,2020-01-02
제주시,동도여관,제주특별자치도 제주시 고마로1길 1-2,064-756-5922,2020-01-02
제주시,대영,제주특별자치도 제주시 고산동산1길 9-12,064-752-5458,2020-01-02
제주시,웰컴투코리아센터,제주특별자치도 제주시 고전길 2-10,064-722-1245,2020-01-02
제주시,세은,제주특별자치도 제주시 고전길 2-4,064-755-8801,2020-01-02
제주시,생수모텔,제주특별자치도 제주시 고전길 27,064-758-3600,2020-01-02
제주시,이도메이플하우스,제주특별자치도 제주시 고전길 28-3,064-711-8385,2020-01-02
제주시,장수,제주특별자치도 제주시 고전길 8,064-758-7846,2020-01-02
제주시,애랑과배비장의집,제주특별자치도 제주시 곤을길 46,,2020-01-02
제주시,그린모텔,제주특별자치도 제주시 공설로 15,064-751-1177,2020-01-02
제주시,제주골프호텔,제주특별자치도 제주시 과원북4길 97,064-748-5700,2020-01-02
제주시,스타즈호텔제주로베로,제주특별자치도 제주시 관덕로 26,064-757-7111,2020-01-02
제주시,선인,제주특별자치도 제주시 관덕로 32,064-753-8823,2020-01-02
제주시,수복,제주특별자치도 제주시 관덕로 34-1,064-724-4594,2020-01-02
제주시,관덕,제주특별자치도 제주시 관덕로 34-3,064-757-1661,2020-01-02
제주시,미소,제주특별자치도 제주시 관덕로 41,,2020-01-02
제주시,태화,제주특별자치도 제주시 관덕로15길 3-8,064-722-6171,2020-01-02
제주시,게스트하우스 옐로우,제주특별자치도 제주시 관덕로15길 4,070-7648-0907,2020-01-02
제주시,동성모텔,제주특별자치도 제주시 관덕로15길 5,064-722-2912,2020-01-02
제주시,대동호텔,제주특별자치도 제주시 관덕로15길 6,064-722-3070,2020-01-02
제주시,베드라디오옥림점,제주특별자치도 제주시 관덕로15길 7-1,064-722-4147,2020-01-02
제주시,보라,제주특별자치도 제주시 관덕로15길 9-6,064-753-9791,2020-01-02
제주시,동문,제주특별자치도 제주시 관덕로17길 5,064-752-1489,2020-01-02
제주시,영빈모텔,제주특별자치도 제주시 관덕로17길 9-2,064-722-2591,2020-01-02
제주시,무진장,제주특별자치도 제주시 관덕로3길 13,064-756-0166,2020-01-02
제주시,썬 하우,제주특별자치도 제주시 관덕로4길 1-1,064-751-0852,2020-01-02
제주시,스타즈호텔제주로베로Ⅱ,제주특별자치도 제주시 관덕로4길 1-14,064-757-7111,2020-01-02
제주시,우신,제주특별자치도 제주시 관덕로4길 1-5,064-724-0905,2020-01-02
제주시,유나,제주특별자치도 제주시 관덕로6길 8,064-751-0081,2020-01-02
제주시,탑에이스 모텔,제주특별자치도 제주시 관덕로7길 36,064-702-3227,2020-01-02
제주시,굿나잇,제주특별자치도 제주시 관덕로7길 38,064-724-3838,2020-01-02
제주시,청수,제주특별자치도 제주시 관덕로8길 15-3,064-755-5678,2020-01-02
제주시,제주공항게스트하우스웨이브사운드,제주특별자치도 제주시 관덕로8길 24,064-900-2358,2020-01-02
제주시,오렌지트리,제주특별자치도 제주시 관덕로8길 7-12,1899-4233,2020-01-02
제주시,은하,제주특별자치도 제주시 관덕로9길 31,064-722-6715,2020-01-02
제주시,진성모텔,제주특별자치도 제주시 광양13길 4,064-752-7884,2020-01-02
제주시,용운,제주특별자치도 제주시 광양13길 5,064-757-6582,2020-01-02
제주시,흥진,제주특별자치도 제주시 광양1길 12,064-722-1444,2020-01-02
제주시,풍기,제주특별자치도 제주시 광양1길 2-1,064-757-5516,2020-01-02
제주시,게스트하우스 레인보우인제주,제주특별자치도 제주시 광양1길 6,070-7635-0075,2020-01-02
제주시,오렌지,제주특별자치도 제주시 광양2길 1,064-753-5001,2020-01-02
제주시,남국,제주특별자치도 제주시 광양2길 13,064-722-4404,2020-01-02
제주시,제주포도,제주특별자치도 제주시 광양2길 2,064-753-0441,2020-01-02
제주시,일조여관,제주특별자치도 제주시 광양2길 4-1,064-757-0189,2020-01-02
제주시,케이모텔,제주특별자치도 제주시 광양4길 3,064-756-8700,2020-01-02
제주시,삼성,제주특별자치도 제주시 광양4길 8-2,064-757-0876,2020-01-02
제주시,프라임,제주특별자치도 제주시 광양6길 13,064-721-7008,2020-01-02
제주시,배비장 모텔,제주특별자치도 제주시 광양6길 4,064-758-3667,2020-01-02
제주시,쎄컨드홈즈,제주특별자치도 제주시 광양8길 1,064-773-2077,2020-01-02
제주시,인성,제주특별자치도 제주시 광양8길 1-1,064-757-2939,2020-01-02
제주시,유앤드아이,제주특별자치도 제주시 광양8길 1-2,064-753-5648,2020-01-02
제주시,수,제주특별자치도 제주시 광양8길 15,064-757-2194,2020-01-02
제주시,진영,제주특별자치도 제주시 광양8길 1-8,064-752-7007,2020-01-02
제주시,씨앤제이관광호텔,제주특별자치도 제주시 광양8길 24,064-755-7413,2020-01-02
제주시,한옥,제주특별자치도 제주시 광양8길 29,064-752-1526,2020-01-02
제주시,가고팡,제주특별자치도 제주시 광양8길 4,,2020-01-02
제주시,제주레슬리호텔,제주특별자치도 제주시 광평길 3,064-713-6800,2020-01-02
제주시,엔일공구,제주특별자치도 제주시 구좌읍 김녕로 307,,2020-01-02
제주시,반집,제주특별자치도 제주시 구좌읍 덕평로 394,,2020-01-02
제주시,그래,제주특별자치도 제주시 구좌읍 덕행로 165-2,070-8866-6623,2020-01-02
제주시,바람아래 휴양펜션,제주특별자치도 제주시 구좌읍 덕행로 175,064-784-9611,2020-01-02
제주시,오션뷰,제주특별자치도 제주시 구좌읍 덕행로 276,064-782-9464,2020-01-02
제주시,유리 휴양펜션,제주특별자치도 제주시 구좌읍 덕행로 335,064-784-8287,2020-01-02
제주시,송당송당펜션앤리조트,제주특별자치도 제주시 구좌읍 비자림로 1220,064-783-1185,2020-01-02
제주시,어썸스테이,제주특별자치도 제주시 구좌읍 비자림로 1794,,2020-01-02
제주시,비자림상떼,제주특별자치도 제주시 구좌읍 비자숲길 27,064-782-8733,2020-01-02
제주시,세인트포휴양콘도미니엄,제주특별자치도 제주시 구좌읍 선유로 445-46,064-782-3800,2020-01-02
제주시,크리스탈,제주특별자치도 제주시 구좌읍 세화1길 15,064-784-0008,2020-01-02
제주시,샤이니 하우스,제주특별자치도 제주시 구좌읍 송당4길 7,064-783-5089,2020-01-02
제주시,힐링휴,제주특별자치도 제주시 구좌읍 송당5길 59,064-784-7051,2020-01-02
제주시,단겸,제주특별자치도 제주시 구좌읍 월정3길 14,,2020-01-02
제주시,소낭 2호점,제주특별자치도 제주시 구좌읍 월정3길 7,,2020-01-02
제주시,(주)한국폴로컨트리클럽,제주특별자치도 제주시 구좌읍 월행남길 322-30,064-784-9000,2020-01-02
제주시,메이더호텔,제주특별자치도 제주시 구좌읍 일주동로 1626,064-766-8888,2020-01-02
제주시,(주)꼬뜨도르가족호텔,제주특별자치도 제주시 구좌읍 일주동로 1724,064-782-0800,2020-01-02
제주시,예그리나리조트,제주특별자치도 제주시 구좌읍 일주동로 1845,064-784-1111,2020-01-02
제주시,하늘오름펜션,제주특별자치도 제주시 구좌읍 중산간동로 1909,070-4151-0527,2020-01-02
제주시,순덕이별당,제주특별자치도 제주시 구좌읍 중산간동로 2377,,2020-01-02
제주시,비자림리조트,제주특별자치도 제주시 구좌읍 충렬로 141-1,064-784-2217,2020-01-02
제주시,노노레타,제주특별자치도 제주시 구좌읍 충렬로 141-3,064-783-0804,2020-01-02
제주시,(주)하바나호텔앤리조트,제주특별자치도 제주시 구좌읍 해맞이해안로 1590-6,064-782-1000,2020-01-02
제주시,바나바하도펜션,제주특별자치도 제주시 구좌읍 해맞이해안로 1926-3,,2020-01-02
제주시,이야기별방,제주특별자치도 제주시 구좌읍 해맞이해안로 2040,064-784-3766,2020-01-02
제주시,아모르 하우스,제주특별자치도 제주시 구좌읍 해맞이해안로 2060-18,064-783-1111,2020-01-02
제주시,아모르하우스 2,제주특별자치도 제주시 구좌읍 해맞이해안로 2060-20,064-783-1111,2020-01-02
제주시,솔,제주특별자치도 제주시 구좌읍 해맞이해안로 2478,064-782-2478,2020-01-02
제주시,루마인,제주특별자치도 제주시 구좌읍 해맞이해안로 2498,,2020-01-02
제주시,보롬코지,제주특별자치도 제주시 구좌읍 해맞이해안로 402,064-782-6878,2020-01-02
제주시,월정에비뉴풀빌라,제주특별자치도 제주시 구좌읍 해맞이해안로 486,,2020-01-02
제주시,용인,제주특별자치도 제주시 남성로 116,064-757-4791,2020-01-02
제주시,호텔 지,제주특별자치도 제주시 남성로 117,064-753-4154,2020-01-02
제주시,한라산모텔,제주특별자치도 제주시 남성로 118,064-752-9401,2020-01-02
제주시,한진,제주특별자치도 제주시 남성로 119,064-751-2480,2020-01-02
제주시,비원모텔,제주특별자치도 제주시 남성로 129-4,064-752-1285,2020-01-02
제주시,트윈스,제주특별자치도 제주시 남성로 129-6,064-752-8801,2020-01-02
제주시,만복,제주특별자치도 제주시 남성로 129-9,064-757-3824,2020-01-02
제주시,참피온,제주특별자치도 제주시 남성로 131,064-751-8801,2020-01-02
제주시,위드모텔,제주특별자치도 제주시 남성로 143-11,064-759-6166,2020-01-02
제주시,그린데이,제주특별자치도 제주시 남성로 158-3,070-7840-2533,2020-01-02
제주시,덕수장모텔,제주특별자치도 제주시 남성로 29,064-758-8855,2020-01-02
제주시,제주갤럭시호텔,제주특별자치도 제주시 남성로 33,064-750-3355,2020-01-02
제주시,한백,제주특별자치도 제주시 남성로 69,064-721-6766,2020-01-02
제주시,안남,제주특별자치도 제주시 남성로11길 2,064-756-2662,2020-01-02
제주시,아라팰리스호텔,제주특별자치도 제주시 남성로26길 26,,2020-01-02
제주시,덕창,제주특별자치도 제주시 남성로26길 9,064-724-6313,2020-01-02
제주시,신화,제주특별자치도 제주시 남성로9길 3-2,064-755-5956,2020-01-02
제주시,신라스테이제주,제주특별자치도 제주시 노연로 100,064-717-9000,2020-01-02
제주시,에코씨엘,제주특별자치도 제주시 노연로 129,064-745-0967,2020-01-02
제주시,엠버시티호텔,제주특별자치도 제주시 노연로 13,064-805-8684,2020-01-02
제주시,엠버호텔센트럴,제주특별자치도 제주시 노연로 24,064-747-0771,2020-01-02
제주시,호텔위드제주,제주특별자치도 제주시 노연로 34,064-802-3500,2020-01-02
제주시,노연스테이,제주특별자치도 제주시 노연로 37,,2020-01-02
제주시,에코루벤,제주특별자치도 제주시 노연로 49,,2020-01-02
제주시,아비아제주노형호텔,제주특별자치도 제주시 노연로 53,,2020-01-02
제주시,센트럴시티호텔,제주특별자치도 제주시 노연로 66,064-743-7793,2020-01-02
제주시,글래드호텔앤리조트(주)메종글래드제주,제주특별자치도 제주시 노연로 80,064-747-5000,2020-01-02
제주시,(주)호텔샹그릴라,제주특별자치도 제주시 노형로 79,064-726-0061,2020-01-02
제주시,아인피플호텔,제주특별자치도 제주시 논세길 51,064-748-1700,2020-01-02
제주시,나이스,제주특별자치도 제주시 논세길 96-38,064-772-6688,2020-01-02
제주시,더도두,제주특별자치도 제주시 도공로 2,064-749-0880,2020-01-02
제주시,대왕,제주특별자치도 제주시 도남로 3-1,064-758-8437,2020-01-02
제주시,우정,제주특별자치도 제주시 도남로 3-3,064-752-7769,2020-01-02
제주시,백록담,제주특별자치도 제주시 도남로 5,064-752-9141,2020-01-02
제주시,성우장,제주특별자치도 제주시 도남로 5-1,064-758-2535,2020-01-02
제주시,한수,제주특별자치도 제주시 도남로 5-3,064-757-8808,2020-01-02
제주시,정성,제주특별자치도 제주시 도남로 6-1,064-757-5788,2020-01-02
제주시,호텔펄리플러스,제주특별자치도 제주시 도두봉2길 2,064-702-0071,2020-01-02
제주시,제주에어포트호텔,제주특별자치도 제주시 도령로 102,064-745-9555,2020-01-02
제주시,삼해인,제주특별자치도 제주시 도령로 108,064-742-7775,2020-01-02
제주시,호텔케니스토리제주,제주특별자치도 제주시 도령로 124,064-797-5011,2020-01-02
제주시,파크사이드호텔,제주특별자치도 제주시 도령로 126,064-746-4545,2020-01-02
제주시,호텔시리우스,제주특별자치도 제주시 도령로 133,,2020-01-02
제주시,이화 가족호텔,제주특별자치도 제주시 도령로 155,064-745-8188,2020-01-02
제주시,베스트웨스턴 제주호텔,제주특별자치도 제주시 도령로 27,064-797-6001,2020-01-02
제주시,뉴맨하탄관광호텔,제주특별자치도 제주시 도령로 66,064-742-7991,2020-01-02
제주시,롯데시티호텔 제주,제주특별자치도 제주시 도령로 83,064-730-1000,2020-01-02
제주시,뉴월드호텔,제주특별자치도 제주시 도령로 96,064-747-0777,2020-01-02
제주시,이호리조트,제주특별자치도 제주시 도리로 106-16,064-711-6625,2020-01-02
제주시,청도,제주특별자치도 제주시 동광로 114-3,064-725-5432,2020-01-02
제주시,제이하우스,제주특별자치도 제주시 동광로 163,,2020-01-02
제주시,천하,제주특별자치도 제주시 동광로 165,064-757-7744,2020-01-02
제주시,(주)호텔샬롬,제주특별자치도 제주시 동광로 34,064-720-7700,2020-01-02
제주시,라인호텔,제주특별자치도 제주시 동광로 40,064-722-8161,2020-01-02
제주시,애플,제주특별자치도 제주시 동광로 45,064-725-1552,2020-01-02
제주시,에메랄드호텔투,제주특별자치도 제주시 동광로 86,064-757-8351,2020-01-02
제주시,궁전,제주특별자치도 제주시 동광로17길 30-1,064-758-5520,2020-01-02
제주시,하니,제주특별자치도 제주시 동광로19길 55-10,064-753-4334,2020-01-02
제주시,개성,제주특별자치도 제주시 동광로21길 2,064-757-2401,2020-01-02
제주시,마로,제주특별자치도 제주시 동광로21길 5,064-758-0435,2020-01-02
제주시,더오젠,제주특별자치도 제주시 동광로23길 3,064-758-6464,2020-01-02
제주시,시티홀관광호텔제주,제주특별자치도 제주시 동광로4길 9-4,,2020-01-02
제주시,대원,제주특별자치도 제주시 동광로5길 18,064-752-1033,2020-01-02
제주시,호텔 더 레드,제주특별자치도 제주시 동광로6길 10,064-725-7252,2020-01-02
제주시,영동,제주특별자치도 제주시 동광로7길 4,064-756-2002,2020-01-02
제주시,신천지 호텔,제주특별자치도 제주시 동대북길 1,064-755-8222,2020-01-02
제주시,토다게스트,제주특별자치도 제주시 동문로 10,,2020-01-02
제주시,크로바,제주특별자치도 제주시 동문로 119,064-725-0958,2020-01-02
제주시,봉성장,제주특별자치도 제주시 동문로 121,064-721-4526,2020-01-02
제주시,사라봉,제주특별자치도 제주시 동문로 133,064-753-3381,2020-01-02
제주시,오당,제주특별자치도 제주시 동문로 135,064-722-6023,2020-01-02
제주시,로즈,제주특별자치도 제주시 동문로 136-1,064-753-5501,2020-01-02
제주시,크라운호텔,제주특별자치도 제주시 동문로 138,064-753-8011,2020-01-02
제주시,별관,제주특별자치도 제주시 동문로 139,064-752-5235,2020-01-02
제주시,제주영성모텔,제주특별자치도 제주시 동문로10길 1,064-752-8700,2020-01-02
제주시,안성,제주특별자치도 제주시 동문로10길 6,064-757-0582,2020-01-02
제주시,유림,제주특별자치도 제주시 동문로6길 5-3,064-722-4134,2020-01-02
제주시,천일,제주특별자치도 제주시 동문로6길 5-5,064-722-2097,2020-01-02
제주시,엉덕,제주특별자치도 제주시 만덕로4길 18,064-721-9404,2020-01-02
제주시,하이드파크,제주특별자치도 제주시 만덕로6길 29,064-702-0507,2020-01-02
제주시,가완모텔,제주특별자치도 제주시 만덕로6길 31,064-724-6888,2020-01-02
제주시,라헨느콘도미니엄,제주특별자치도 제주시 명림로 384,064-754-9000,2020-01-02
제주시,한화호텔앤드리조트(주),제주특별자치도 제주시 명림로 575-107,064-725-9000,2020-01-02
제주시,신화,제주특별자치도 제주시 무근성7길 12-1,064-753-4418,2020-01-02
제주시,화랑,제주특별자치도 제주시 무근성7길 12-6,064-753-2257,2020-01-02
제주시,아지,제주특별자치도 제주시 무근성7길 16-13,064-722-1296,2020-01-02
제주시,동양,제주특별자치도 제주시 무근성7길 16-8,064-753-8169,2020-01-02
제주시,아름장,제주특별자치도 제주시 무근성7길 21,064-753-8988,2020-01-02
제주시,제주스테이,제주특별자치도 제주시 무근성7길 22,064-752-8870,2020-01-02
제주시,오라스테이,제주특별자치도 제주시 무근성길 44,064-752-9788,2020-01-02
제주시,앳코너,제주특별자치도 제주시 백포북길 25,064-711-3030,2020-01-02
제주시,문화,제주특별자치도 제주시 사라봉7길 39-10,064-753-6928,2020-01-02
제주시,동백,제주특별자치도 제주시 사라봉7길 42,064-756-5941,2020-01-02
제주시,그린게스트하우스,제주특별자치도 제주시 사라봉7길 44,064-752-6374,2020-01-02
제주시,북경장,제주특별자치도 제주시 사라봉9길 14,064-758-0441,2020-01-02
제주시,에이원호텔,제주특별자치도 제주시 사장1길 10,064-748-8300,2020-01-02
제주시,에프원,제주특별자치도 제주시 사장1길 18,064-711-0939,2020-01-02
제주시,준파크텔,제주특별자치도 제주시 사장1길 18-1,064-745-3567,2020-01-02
제주시,호텔 컬리넌,제주특별자치도 제주시 사장1길 26,064-743-6500,2020-01-02
제주시,호텔통연동,제주특별자치도 제주시 사장1길 28,064-743-2193,2020-01-02
제주시,센트럴호텔,제주특별자치도 제주시 사장1길 30,064-748-2511,2020-01-02
제주시,스카이모텔,제주특별자치도 제주시 사장1길 40,064-746-7055,2020-01-02
제주시,풍년,제주특별자치도 제주시 사장2길 41,064-742-0997,2020-01-02
제주시,예스,제주특별자치도 제주시 사장2길 43,064-742-0678,2020-01-02
제주시,호텔더원,제주특별자치도 제주시 사장3길 33,064-798-0001,2020-01-02
제주시,메이저호텔,제주특별자치도 제주시 사장3길 36,064-745-5800,2020-01-02
제주시,기린모텔,제주특별자치도 제주시 산지로 1-4,064-758-9778,2020-01-02
제주시,브라보,제주특별자치도 제주시 산지로 19,064-758-7076,2020-01-02
제주시,진천,제주특별자치도 제주시 산지로 21-10,064-752-1557,2020-01-02
제주시,황금,제주특별자치도 제주시 산지로 21-2,064-758-2440,2020-01-02
제주시,영진,제주특별자치도 제주시 산지로 21-4,064-755-7811,2020-01-02
제주시,수원,제주특별자치도 제주시 산지로 37-7,064-757-3505,2020-01-02
제주시,엠버서더,제주특별자치도 제주시 삼무로 12,064-745-7459,2020-01-02
제주시,호텔 레오(HOTEL LEO),제주특별자치도 제주시 삼무로 14,064-748-8660,2020-01-02
제주시,발리,제주특별자치도 제주시 삼무로 26,064-745-0016,2020-01-02
제주시,플로라호텔해마,제주특별자치도 제주시 삼무로 28,064-786-6000,2020-01-02
제주시,호텔스카이파크제주,제주특별자치도 제주시 삼무로 48,064-748-7100,2020-01-02
제주시,에어시티제주,제주특별자치도 제주시 삼무로 56,,2020-01-02
제주시,에어시티 에이플러스,제주특별자치도 제주시 삼무로 56,064-720-5052,2020-01-02
제주시,하워드존슨제주호텔 연동,제주특별자치도 제주시 삼무로 57,1811-1234,2020-01-02
제주시,나나프라자,제주특별자치도 제주시 삼무로 64,064-746-1661,2020-01-02
제주시,제주썬,제주특별자치도 제주시 삼무로 67,064-741-8000,2020-01-02
제주시,영풍장,제주특별자치도 제주시 삼무로 70,064-746-2110,2020-01-02
제주시,에버호텔,제주특별자치도 제주시 삼무로 75,064-742-2911,2020-01-02
제주시,어반아일랜드호텔,제주특별자치도 제주시 삼무로 76,064-740-1900,2020-01-02
제주시,금룡관광호텔,제주특별자치도 제주시 삼무로 79,064-712-1600,2020-01-02
제주시,국도,제주특별자치도 제주시 삼무로 82,064-742-9271,2020-01-02
제주시,전원,제주특별자치도 제주시 삼무로11길 38,064-749-0747,2020-01-02
제주시,명월,제주특별자치도 제주시 삼무로1길 10,064-747-6188,2020-01-02
제주시,주식회사 제이엠호텔,제주특별자치도 제주시 삼무로1길 10-7,064-747-6767,2020-01-02
제주시,연동모디움,제주특별자치도 제주시 삼무로1길 10-9,,2020-01-02
제주시,자자,제주특별자치도 제주시 삼무로1길 11,064-746-0012,2020-01-02
제주시,디셈버호텔,제주특별자치도 제주시 삼무로1길 15,064-745-7800,2020-01-02
제주시,하루,제주특별자치도 제주시 삼무로1길 3,064-748-1000,2020-01-02
제주시,신제주리치,제주특별자치도 제주시 삼무로1길 6-2,064-746-6888,2020-01-02
제주시,제이투호스텔,제주특별자치도 제주시 삼무로3길 37,064-713-2400,2020-01-02
제주시,갤러리호텔비앤비,제주특별자치도 제주시 삼무로3길 48,064-748-1185,2020-01-02
제주시,스위트호텔,제주특별자치도 제주시 삼무로3길 9,064-744-1144,2020-01-02
제주시,제주올레호텔,제주특별자치도 제주시 삼무로5길 8,064-746-1501,2020-01-02
제주시,버킹검,제주특별자치도 제주시 삼무로9길 39,064-749-9595,2020-01-02
제주시,호텔하니크라운,제주특별자치도 제주시 삼성로 10,064-758-4200,2020-01-02
제주시,제주파크힐,제주특별자치도 제주시 삼성로 65,064-753-5253,2020-01-02
제주시,청원,제주특별자치도 제주시 삼성로11길 32,064-755-3939,2020-01-02
제주시,행복,제주특별자치도 제주시 삼성로11길 32-1,064-743-9402,2020-01-02
제주시,예하 게스트하우스,제주특별자치도 제주시 삼오길 9,064-724-5506,2020-01-02
제주시,해마루,제주특별자치도 제주시 서광로 159,064-755-5565,2020-01-02
제주시,한영,제주특별자치도 제주시 서광로 160,064-752-5597,2020-01-02
제주시,올림피아,제주특별자치도 제주시 서광로 171,064-753-7011,2020-01-02
제주시,럭키,제주특별자치도 제주시 서광로 189,064-751-2727,2020-01-02
제주시,알리바호텔,제주특별자치도 제주시 서광로 251,064-726-2230,2020-01-02
제주시,올레관광호텔,제주특별자치도 제주시 서광로 254,064-723-2727,2020-01-02
제주시,사하라관광호텔,제주특별자치도 제주시 서광로 265,064-721-0707,2020-01-02
제주시,간세,제주특별자치도 제주시 서광로 278,064-713-0706,2020-01-02
제주시,린든게스트하우스,제주특별자치도 제주시 서광로 278,064-756-5506,2020-01-02
제주시,슬림호텔,제주특별자치도 제주시 서광로 292-1,,2020-01-02
제주시,송일,제주특별자치도 제주시 서광로11길 3,064-751-1114,2020-01-02
제주시,제주알(R)호텔,제주특별자치도 제주시 서광로14길 5,064-757-7734,2020-01-02
제주시,티나모텔,제주특별자치도 제주시 서광로19길 21,064-753-5050,2020-01-02
제주시,제주엘루이호텔,제주특별자치도 제주시 서광로21길 1,064-727-0037,2020-01-02
제주시,신대화,제주특별자치도 제주시 서광로21길 4,064-755-0734,2020-01-02
제주시,스카이힐비즈니스관광호텔,제주특별자치도 제주시 서광로24길 1,064-751-5177,2020-01-02
제주시,한성,제주특별자치도 제주시 서광로24길 2,064-758-0667,2020-01-02
제주시,금정모텔,제주특별자치도 제주시 서광로25길 10,064-757-8197,2020-01-02
제주시,풀하우스,제주특별자치도 제주시 서광로25길 4,064-755-6079,2020-01-02
제주시,라임,제주특별자치도 제주시 서광로25길 4-3,,2020-01-02
제주시,녹원,제주특별자치도 제주시 서광로25길 6,064-753-7171,2020-01-02
제주시,은성,제주특별자치도 제주시 서광로25길 6-1,064-756-1869,2020-01-02
제주시,휴모텔,제주특별자치도 제주시 서광로25길 8,064-758-9902,2020-01-02
제주시,아세아모텔,제주특별자치도 제주시 서광로26길 1,064-748-2332,2020-01-02
제주시,황제모텔,제주특별자치도 제주시 서광로26길 3,064-752-4650,2020-01-02
제주시,모텔 준,제주특별자치도 제주시 서광로26길 8-12,064-756-4046,2020-01-02
제주시,태광,제주특별자치도 제주시 서광로29길 16-13,064-757-2749,2020-01-02
제주시,궁무인텔,제주특별자치도 제주시 서광로29길 2,064-753-0980,2020-01-02
제주시,산호,제주특별자치도 제주시 서광로29길 22-12,064-722-2805,2020-01-02
제주시,광성,제주특별자치도 제주시 서광로29길 26,064-758-7755,2020-01-02
제주시,스카이관광호스텔,제주특별자치도 제주시 서광로29길 3,064-758-3385,2020-01-02
제주시,1밀리미터모텔,제주특별자치도 제주시 서광로2길 1,064-753-5816,2020-01-02
제주시,글로리,제주특별자치도 제주시 서광로2길 11-1,064-759-1521,2020-01-02
제주시,캐피탈,제주특별자치도 제주시 서광로2길 11-11,064-725-6663,2020-01-02
제주시,제주마실 게스트하우스,제주특별자치도 제주시 서광로2길 11-16,064-722-1800,2020-01-02
제주시,까사델아리아,제주특별자치도 제주시 서광로2길 11-24,064-753-4666,2020-01-02
제주시,조아모텔,제주특별자치도 제주시 서광로2길 11-4,064-756-2003,2020-01-02
제주시,오라성,제주특별자치도 제주시 서광로2길 15-1,064-753-4700,2020-01-02
제주시,펄하우스,제주특별자치도 제주시 서광로2길 17,064-752-8558,2020-01-02
제주시,오케이모텔,제주특별자치도 제주시 서광로2길 25,064-726-5599,2020-01-02
제주시,유정,제주특별자치도 제주시 서광로2길 5-4,064-753-6331,2020-01-02
제주시,남산,제주특별자치도 제주시 서광로2길 5-6,064-755-0889,2020-01-02
제주시,온천,제주특별자치도 제주시 서광로2길 5-8,064-753-0865,2020-01-02
제주시,골든파크호텔,제주특별자치도 제주시 서광로2길 9,064-752-5820,2020-01-02
제주시,성림,제주특별자치도 제주시 서광로30길 2,064-757-4118,2020-01-02
제주시,삼보,제주특별자치도 제주시 서광로30길 4,064-758-9191,2020-01-02
제주시,송민,제주특별자치도 제주시 서광로32길 27-1,064-726-9799,2020-01-02
제주시,소라,제주특별자치도 제주시 서광로3길 1,064-753-0776,2020-01-02
제주시,신강남,제주특별자치도 제주시 서광로3길 2,064-753-8770,2020-01-02
제주시,금오,제주특별자치도 제주시 서광로4길 16,064-753-0701,2020-01-02
제주시,숨게스트하우스제주공항점,제주특별자치도 제주시 서광로5길 2-2,070-8810-0106,2020-01-02
제주시,민트게스트하우스,제주특별자치도 제주시 서광로5길 2-4,064-721-0106,2020-01-02
제주시,리젠트마린더블루,제주특별자치도 제주시 서부두2길 20,064-717-5000,2020-01-02
제주시,호텔휘슬락,제주특별자치도 제주시 서부두2길 26,064-795-7000,2020-01-02
제주시,양지,제주특별자치도 제주시 서부두남길 17,064-757-7962,2020-01-02
제주시,탑동호텔,제주특별자치도 제주시 서부두남길 19,064-723-3600,2020-01-02
제주시,보보스모텔,제주특별자치도 제주시 서부두남길 20,064-727-7200,2020-01-02
제주시,뉴스타,제주특별자치도 제주시 서사로 102,064-755-2401,2020-01-02
제주시,보영,제주특별자치도 제주시 서사로 122,064-722-9812,2020-01-02
제주시,찰리호텔,제주특별자치도 제주시 서사로 128,064-723-8887,2020-01-02
제주시,아스타호텔,제주특별자치도 제주시 서사로 129,064-710-1151,2020-01-02
제주시,무궁화,제주특별자치도 제주시 서사로 16,064-753-8826,2020-01-02
제주시,경성,제주특별자치도 제주시 서사로 168,064-757-2568,2020-01-02
제주시,명신,제주특별자치도 제주시 서사로 181,064-753-2261,2020-01-02
제주시,동해,제주특별자치도 제주시 서사로 182,064-723-3700,2020-01-02
제주시,제주퍼시픽,제주특별자치도 제주시 서사로 20,064-758-2500,2020-01-02
제주시,서사라,제주특별자치도 제주시 서사로 99,064-752-9111,2020-01-02
제주시,사라,제주특별자치도 제주시 서사로13길 2,064-725-9812,2020-01-02
제주시,르네상스호텔,제주특별자치도 제주시 서사로14길 1,064-757-8091,2020-01-02
제주시,국일,제주특별자치도 제주시 서사로17길 2,064-753-5050,2020-01-02
제주시,서로,제주특별자치도 제주시 서사로17길 3,064-755-8818,2020-01-02
제주시,덕원호텔,제주특별자치도 제주시 서사로17길 4,064-755-2266,2020-01-02
제주시,쌈지모텔,제주특별자치도 제주시 서사로4길 15-1,064-726-2653,2020-01-02
제주시,오드리인,제주특별자치도 제주시 서해안로 100,064-710-8000,2020-01-02
제주시,썬비치리조트,제주특별자치도 제주시 서해안로 114,064-726-6668,2020-01-02
제주시,노벨리조트,제주특별자치도 제주시 서해안로 122,064-713-6181,2020-01-02
제주시,해든호텔,제주특별자치도 제주시 서해안로 204,064-748-8862,2020-01-02
제주시,아모렉스,제주특별자치도 제주시 서해안로 216,064-711-0125,2020-01-02
제주시,제이바다호텔,제주특별자치도 제주시 서해안로 258,064-744-5672,2020-01-02
제주시,미라클호텔,제주특별자치도 제주시 서해안로 346-14,064-744-8962,2020-01-02
제주시,씨엘블루호텔,제주특별자치도 제주시 서해안로 368-3,064-727-9995,2020-01-02
제주시,(주)호텔알리앙스,제주특별자치도 제주시 서해안로 380,064-712-3200,2020-01-02
제주시,호텔몽듀,제주특별자치도 제주시 서해안로 382,064-712-8811,2020-01-02
제주시,로긴리조트,제주특별자치도 제주시 서해안로 442-11,064-723-3333,2020-01-02
제주시,로긴호텔,제주특별자치도 제주시 서해안로 442-9,064-712-2377,2020-01-02
제주시,제주펜션오다,제주특별자치도 제주시 서해안로 452,064-712-2005,2020-01-02
제주시,에덴,제주특별자치도 제주시 서해안로 456-12,064-749-0006,2020-01-02
제주시,삼다호스텔,제주특별자치도 제주시 서해안로 456-6,064-745-4456,2020-01-02
제주시,더비치 호스텔,제주특별자치도 제주시 서해안로 486-4,064-711-8831,2020-01-02
제주시,해 호텔,제주특별자치도 제주시 서해안로 526,064-742-5356,2020-01-02
제주시,그림리조트,제주특별자치도 제주시 서해안로 620-1,064-742-2080,2020-01-02
제주시,비스타리조트,제주특별자치도 제주시 서해안로 74,064-713-6631,2020-01-02
제주시,스완지,제주특별자치도 제주시 서해안로 84,064-744-6700,2020-01-02
제주시,호텔난타,제주특별자치도 제주시 선돌목동길 56-26,064-727-0603,2020-01-02
제주시,한라산콘도미니엄,제주특별자치도 제주시 선돌목동길 56-46,064-754-5614,2020-01-02
제주시,블랙샌즈호텔,제주특별자치도 제주시 선사로 8,064-740-0888,2020-01-02
제주시,노형호텔,제주특별자치도 제주시 수덕1길 7,064-747-2263,2020-01-02
제주시,도일,제주특별자치도 제주시 신광로 102,064-742-6947,2020-01-02
제주시,너븐팡 게스트하우스,제주특별자치도 제주시 신광로 102-1,064-742-0020,2020-01-02
제주시,잠자리호텔,제주특별자치도 제주시 신광로 104,064-748-8806,2020-01-02
제주시,스카이리더스호텔,제주특별자치도 제주시 신광로 106,064-747-0003,2020-01-02
제주시,에코유니,제주특별자치도 제주시 신광로 12,,2020-01-02
제주시,에코드파리,제주특별자치도 제주시 신광로 16,064-744-0967,2020-01-02
제주시,세종호텔,제주특별자치도 제주시 신광로 74,064-746-6151,2020-01-02
제주시,탐라지오,제주특별자치도 제주시 신광로 79,064-712-0117,2020-01-02
제주시,샤인모텔,제주특별자치도 제주시 신광로 80,064-749-2222,2020-01-02
제주시,썬랜드호텔,제주특별자치도 제주시 신광로 92,064-744-1601,2020-01-02
제주시,라움호텔,제주특별자치도 제주시 신광로10길 1,064-747-3399,2020-01-02
제주시,재도,제주특별자치도 제주시 신광로1길 38,064-746-4070,2020-01-02
제주시,하하,제주특별자치도 제주시 신광로4길 10,064-746-0500,2020-01-02
제주시,하얀성,제주특별자치도 제주시 신광로4길 14,064-748-3755,2020-01-02
제주시,엠제이호텔,제주특별자치도 제주시 신광로4길 16,064-713-8900,2020-01-02
제주시,아이존호텔,제주특별자치도 제주시 신광로4길 18,064-747-9958,2020-01-02
제주시,에코티엘,제주특별자치도 제주시 신광로4길 24,,2020-01-02
제주시,에코힐튼,제주특별자치도 제주시 신광로4길 28,,2020-01-02
제주시,더오크라,제주특별자치도 제주시 신광로4길 38,064-748-2280,2020-01-02
제주시,초콜릿,제주특별자치도 제주시 신광로4길 8,064-744-1090,2020-01-02
제주시,제주코아호텔,제주특별자치도 제주시 신대로 148,064-744-6600,2020-01-02
제주시,아라장,제주특별자치도 제주시 신대로 149,,2020-01-02
제주시,씨티호텔,제주특별자치도 제주시 신대로 170,064-749-1851,2020-01-02
제주시,제주마리나,제주특별자치도 제주시 신대로 45,064-746-6161,2020-01-02
제주시,제주미주호텔,제주특별자치도 제주시 신대로 60,064-746-4141,2020-01-02
제주시,현대,제주특별자치도 제주시 신대로 68,064-742-2714,2020-01-02
제주시,갤러리호텔비,제주특별자치도 제주시 신대로12길 16,064-747-6565,2020-01-02
제주시,뉴신라,제주특별자치도 제주시 신대로12길 40,064-712-9930,2020-01-02
제주시,다이아몬드호텔,제주특별자치도 제주시 신대로12길 42,064-742-7744,2020-01-02
제주시,유한회사 형석로얄,제주특별자치도 제주시 신대로12길 45,064-743-2222,2020-01-02
제주시,애니,제주특별자치도 제주시 신대로18길 50,064-743-8536,2020-01-02
제주시,잠,제주특별자치도 제주시 신대로18길 52,064-742-6022,2020-01-02
제주시,아트,제주특별자치도 제주시 신대로20길 48,064-742-8840,2020-01-02
제주시,펄호텔제주,제주특별자치도 제주시 신대로20길 49,064-742-8871,2020-01-02
제주시,아이진호텔,제주특별자치도 제주시 신대로22길 4,064-745-0700,2020-01-02
제주시,평화,제주특별자치도 제주시 신대로7길 1,064-746-0528,2020-01-02
제주시,뉴해안풍경,제주특별자치도 제주시 신사수2길 8-2,064-742-0133,2020-01-02
제주시,쌍송,제주특별자치도 제주시 신산로 19,064-752-0062,2020-01-02
제주시,더하우스,제주특별자치도 제주시 신산로 69,064-758-5384,2020-01-02
제주시,대아,제주특별자치도 제주시 신산로 77,064-757-2283,2020-01-02
제주시,알프스호텔,제주특별자치도 제주시 신산로 79,064-752-9901,2020-01-02
제주시,동남아,제주특별자치도 제주시 신산로 93-2,064-752-1775,2020-01-02
제주시,제주인,제주특별자치도 제주시 신산마을길 20,064-754-1110,2020-01-02
제주시,줄리아나모텔,제주특별자치도 제주시 신성로13길 25-1,064-727-7373,2020-01-02
제주시,힐스테이,제주특별자치도 제주시 아란8길 5-1,064-759-7008,2020-01-02
제주시,아란스테이,제주특별자치도 제주시 아란9길 6-4,,2020-01-02
제주시,테라스힐,제주특별자치도 제주시 아봉로 346,,2020-01-02
제주시,레몬트리,제주특별자치도 제주시 애월읍 가문동길 4,064-713-9092,2020-01-02
제주시,모텔아시아,제주특별자치도 제주시 애월읍 가문동길 79,064-713-6568,2020-01-02
제주시,제주리조트,제주특별자치도 제주시 애월읍 가문동상4길 11,064-745-5533,2020-01-02
제주시,샐리스제주호텔,제주특별자치도 제주시 애월읍 고내로 46,064-801-0025,2020-01-02
제주시,리치호텔,제주특별자치도 제주시 애월읍 고내로13길 100,064-799-1991,2020-01-02
제주시,뉴오션리조트,제주특별자치도 제주시 애월읍 고내로13길 59,064-799-0797,2020-01-02
제주시,마녀가탄빗자루,제주특별자치도 제주시 애월읍 고내로13길 73,064-799-7749,2020-01-02
제주시,빌레리조트,제주특별자치도 제주시 애월읍 고내로13길 79,064-799-2002,2020-01-02
제주시,끌림삼육오,제주특별자치도 제주시 애월읍 고내로13길 83,064-799-2010,2020-01-02
제주시,헤브론힐 리조트,제주특별자치도 제주시 애월읍 고성남서길 76,064-742-0090,2020-01-02
제주시,위드유,제주특별자치도 제주시 애월읍 곽납로 38,,2020-01-02
제주시,(주)호텔알리앙스,제주특별자치도 제주시 애월읍 곽지1길 23,064-799-2345,2020-01-02
제주시,제주애월리조트,제주특별자치도 제주시 애월읍 광령평화2길 116-20,064-711-1838,2020-01-02
제주시,제주애월리조트투,제주특별자치도 제주시 애월읍 광령평화2길 116-20,064-746-8005,2020-01-02
제주시,쌩텀펜션원,제주특별자치도 제주시 애월읍 광령평화2길 116-31,,2020-01-02
제주시,쌩텀펜션,제주특별자치도 제주시 애월읍 광령평화2길 116-33,,2020-01-02
제주시,올레해오름,제주특별자치도 제주시 애월읍 광령평화2길 142-19,064-745-5544,2020-01-02
제주시,유티에스골프빌리지,제주특별자치도 제주시 애월읍 광령평화2길 170-2,064-799-0794,2020-01-02
제주시,금성당,제주특별자치도 제주시 애월읍 광령평화2길 17-3,064-748-7942,2020-01-02
제주시,엑스오드라이브인호텔,제주특별자치도 제주시 애월읍 광령평화2길 35,064-713-3336,2020-01-02
제주시,모이라호텔,제주특별자치도 제주시 애월읍 광령평화8길 20,064-745-5560,2020-01-02
제주시,선타운,제주특별자치도 제주시 애월읍 광령평화8길 47-7,064-747-1135,2020-01-02
제주시,해밀,제주특별자치도 제주시 애월읍 광상로 272,064-799-3033,2020-01-02
제주시,깡통텔,제주특별자치도 제주시 애월읍 광상로 49-1,064-722-2323,2020-01-02
제주시,정담하우스,제주특별자치도 제주시 애월읍 금성1길 29-1,,2020-01-02
제주시,예예통나무펜션,제주특별자치도 제주시 애월읍 도치돌길 279-1,,2020-01-02
제주시,킹스통나무,제주특별자치도 제주시 애월읍 도치돌길 283,070-4144-3322,2020-01-02
제주시,통나무파크,제주특별자치도 제주시 애월읍 도치돌길 293,064-799-6909,2020-01-02
제주시,로하스통나무집,제주특별자치도 제주시 애월읍 봉매동산길 153-20,064-794-1515,2020-01-02
제주시,밀레니엄호텔,제주특별자치도 제주시 애월읍 부룡수길 13,064-799-8060,2020-01-02
제주시,(주)호텔앤리조트 올레리조트,제주특별자치도 제주시 애월읍 부룡수길 33,064-799-7770,2020-01-02
제주시,카프리애월,제주특별자치도 제주시 애월읍 부룡수길 35-12,064-799-6001,2020-01-02
제주시,수앤수리조트,제주특별자치도 제주시 애월읍 부룡수길 60,064-799-7090,2020-01-02
제주시,퀸스호텔,제주특별자치도 제주시 애월읍 사라길 169,064-748-8857,2020-01-02
제주시,무인텔 포유,제주특별자치도 제주시 애월읍 상가목장길 12,064-799-5001,2020-01-02
제주시,노꼬메리조트,제주특별자치도 제주시 애월읍 상가목장길 84,064-757-2466,2020-01-02
제주시,제주야스라기,제주특별자치도 제주시 애월읍 상귀서길 82-34,1661-3949,2020-01-02
제주시,통나무밸리,제주특별자치도 제주시 애월읍 소길남길 177,064-799-0110,2020-01-02
제주시,로그밸리,제주특별자치도 제주시 애월읍 소길남길 190-19,064-799-0140,2020-01-02
제주시,멍멍플레이스펜션,제주특별자치도 제주시 애월읍 소길남길 244-5,064-799-4665,2020-01-02
제주시,제주엠,제주특별자치도 제주시 애월읍 신상로 196,064-799-0505,2020-01-02
제주시,레드클레이호스텔,제주특별자치도 제주시 애월읍 신상로 266,064-749-5100,2020-01-02
제주시,조이황토리조트,제주특별자치도 제주시 애월읍 신상로 268,064-743-8114,2020-01-02
제주시,애월애 휴양펜션,제주특별자치도 제주시 애월읍 신엄1길 12,064-799-0306,2020-01-02
제주시,꿈의바다,제주특별자치도 제주시 애월읍 신엄9길 65-11,064-713-2886,2020-01-02
제주시,아마스빌,제주특별자치도 제주시 애월읍 신엄안3길 101,064-799-7300,2020-01-02
제주시,마레보 가족호텔,제주특별자치도 제주시 애월읍 신엄안3길 135,064-799-2090,2020-01-02
제주시,머무른채,제주특별자치도 제주시 애월읍 애상로 89,,2020-01-02
제주시,제주조이랜드,제주특별자치도 제주시 애월읍 애원로 116-5,064-727-0691,2020-01-02
제주시,나디아호스텔,제주특별자치도 제주시 애월읍 애원로 74,064-747-8933,2020-01-02
제주시,스테이헤이븐,제주특별자치도 제주시 애월읍 애월로 11,064-800-3320,2020-01-02
제주시,지금이순간,제주특별자치도 제주시 애월읍 애월로 15-1,064-799-1802,2020-01-02
제주시,파란노을 제주애월,제주특별자치도 제주시 애월읍 애월로 37,064-799-6061,2020-01-02
제주시,제주토비스콘도,제주특별자치도 제주시 애월읍 애월로1길 8,064-799-4400,2020-01-02
제주시,제주토비스콘도,제주특별자치도 제주시 애월읍 애월로1길 8,064-799-9905,2020-01-02
제주시,솔트,제주특별자치도 제주시 애월읍 애월해안로 226,,2020-01-02
제주시,씨스테이호텔,제주특별자치도 제주시 애월읍 애월해안로 255,064-799-7757,2020-01-02
제주시,다인오세아노호텔,제주특별자치도 제주시 애월읍 애월해안로 394,,2020-01-02
제주시,(주)다인리조트,제주특별자치도 제주시 애월읍 애월해안로 400-9,064-799-2600,2020-01-02
제주시,(주)다인리조트투(2차),제주특별자치도 제주시 애월읍 애월해안로 400-9,064-799-2600,2020-01-02
제주시,루스톤빌라앤호텔,제주특별자치도 제주시 애월읍 애월해안로 406,064-799-1671,2020-01-02
제주시,루스톤호텔,제주특별자치도 제주시 애월읍 애월해안로 408,064-799-1671,2020-01-02
제주시,씨앤힐 스파팬션,제주특별자치도 제주시 애월읍 애월해안로 412,064-747-7007,2020-01-02
제주시,에스엠하이플러스(주),제주특별자치도 제주시 애월읍 애월해안로 516-7,064-799-4001,2020-01-02
제주시,애월바다호텔제주,제주특별자치도 제주시 애월읍 애월해안로 554-10,064-799-9981,2020-01-02
제주시,(주)베니키아호텔제주,제주특별자치도 제주시 애월읍 애월해안로 554-6,064-799-3544,2020-01-02
제주시,윈드힐호스텔,제주특별자치도 제주시 애월읍 애월해안로 554-8,064-799-3344,2020-01-02
제주시,유니호텔,제주특별자치도 제주시 애월읍 애월해안로 656,064-741-5000,2020-01-02
제주시,제주동양콘도미니엄,제주특별자치도 제주시 애월읍 애월해안로 708,064-713-5100,2020-01-02
제주시,탐라스테이 제주,제주특별자치도 제주시 애월읍 애월해안로 881,064-742-8848,2020-01-02
제주시,나비스호스텔,제주특별자치도 제주시 애월읍 애월해안로 885,064-712-5200,2020-01-02
제주시,제주프레임호스텔,제주특별자치도 제주시 애월읍 애월해안로 907,064-748-4000,2020-01-02
제주시,우림호텔,제주특별자치도 제주시 애월읍 애월해안로 917,064-749-2777,2020-01-02
제주시,시드니호텔,제주특별자치도 제주시 애월읍 애월해안로 943,064-713-6688,2020-01-02
제주시,시드니투,제주특별자치도 제주시 애월읍 애월해안로 945,064-713-3399,2020-01-02
제주시,홍스랜드,제주특별자치도 제주시 애월읍 어음13길 25-45,,2020-01-02
제주시,제주무이,제주특별자치도 제주시 애월읍 엄수로 148,064-711-9651,2020-01-02
제주시,제주시간여행 휴양펜션,제주특별자치도 제주시 애월읍 엄장로 17-6,064-799-4900,2020-01-02
제주시,폴라리스,제주특별자치도 제주시 애월읍 유수암동3길 45,064-799-9800,2020-01-02
제주시,베누스,제주특별자치도 제주시 애월읍 유수암평화5길 92,064-799-8289,2020-01-02
제주시,엘쯔,제주특별자치도 제주시 애월읍 유수암평화길 136,064-747-9300,2020-01-02
제주시,일루아,제주특별자치도 제주시 애월읍 유수암평화길 180,,2020-01-02
제주시,해모루,제주특별자치도 제주시 애월읍 유수암평화길 227,064-799-2119,2020-01-02
제주시,애월더선셋리조트,제주특별자치도 제주시 애월읍 일주서로 6111,064-799-5943,2020-01-02
제주시,흰수염고래리조트,제주특별자치도 제주시 애월읍 일주서로 6818,064-747-5553,2020-01-02
제주시,더스테이센추리호텔,제주특별자치도 제주시 애월읍 일주서로 7113,,2020-01-02
제주시,제주29 에이,제주특별자치도 제주시 애월읍 중산간서로 5405,064-799-2225,2020-01-02
제주시,제주29 비,제주특별자치도 제주시 애월읍 중산간서로 5407,,2020-01-02
제주시,제주29 씨,제주특별자치도 제주시 애월읍 중산간서로 5411,064-799-2225,2020-01-02
제주시,코쿤애월,제주특별자치도 제주시 애월읍 중엄3길 50,064-712-2266,2020-01-02
제주시,제주드림랜드,제주특별자치도 제주시 애월읍 평화로 1529,064-792-6100,2020-01-02
제주시,신안관광개발(주)에버리스골프리조트,제주특별자치도 제주시 애월읍 평화로 1693-75,064-795-5000,2020-01-02
제주시,엘스위트휴양콘도미니엄,제주특별자치도 제주시 애월읍 평화로 1738-116,064-798-7000,2020-01-02
제주시,이그니스,제주특별자치도 제주시 애월읍 평화로 2496,064-799-2300,2020-01-02
제주시,쇼모텔,제주특별자치도 제주시 애월읍 평화로 2500,064-799-5282,2020-01-02
제주시,휴,제주특별자치도 제주시 애월읍 평화로 2519,064-805-9988,2020-01-02
제주시,퀸,제주특별자치도 제주시 애월읍 평화로 2540,064-799-5800,2020-01-02
제주시,헤라,제주특별자치도 제주시 애월읍 평화로 2820-67,064-749-3840,2020-01-02
제주시,엘리시움,제주특별자치도 제주시 애월읍 평화로 2837,,2020-01-02
제주시,더자라,제주특별자치도 제주시 애월읍 평화로 2839,064-749-0012,2020-01-02
제주시,뷰,제주특별자치도 제주시 애월읍 평화로 2841,,2020-01-02
제주시,광령호텔,제주특별자치도 제주시 애월읍 하광로 289,064-745-5576,2020-01-02
제주시,나인스파빌,제주특별자치도 제주시 애월읍 하광로 518,064-727-1000,2020-01-02
제주시,나인스파빌비,제주특별자치도 제주시 애월읍 하광로 518-1,,2020-01-02
제주시,한울모텔,제주특별자치도 제주시 애월읍 하광로 540-10,064-711-5111,2020-01-02
제주시,한울모텔 2(투),제주특별자치도 제주시 애월읍 하광로 540-12,064-711-5111,2020-01-02
제주시,스타하우스,제주특별자치도 제주시 애월읍 하광로 540-66,064-747-1505,2020-01-02
제주시,제주조이,제주특별자치도 제주시 애월읍 하소로 503-3,064-712-0691,2020-01-02
제주시,애월힐,제주특별자치도 제주시 애월읍 하소로 507,064-799-7796,2020-01-02
제주시,애월파라다이스리조트,제주특별자치도 제주시 애월읍 하소로 557-9,064-799-8202,2020-01-02
제주시,대성휴양빌리지,제주특별자치도 제주시 애월읍 하소로 684-45,064-799-7171,2020-01-02
제주시,바이더힐,제주특별자치도 제주시 애월읍 항파두리로 148,064-799-1113,2020-01-02
제주시,(주)타미우스골프앤빌리지,제주특별자치도 제주시 애월읍 화전길 201,064-793-0707,2020-01-02
제주시,용두암캐빈,제주특별자치도 제주시 어영길 32,064-712-2550,2020-01-02
제주시,한림,제주특별자치도 제주시 연동10길 20,064-746-6682,2020-01-02
제주시,호텔앨리스앤트렁크,제주특별자치도 제주시 연동12길 4,,2020-01-02
제주시,스마일모텔,제주특별자치도 제주시 연동13길 42,064-743-6677,2020-01-02
제주시,국제호텔,제주특별자치도 제주시 연동1길 8,064-748-4988,2020-01-02
제주시,케이관광호텔,제주특별자치도 제주시 연동3길 10,064-743-2123,2020-01-02
제주시,뉴아일랜드관광호텔,제주특별자치도 제주시 연동6길 17,064-712-1300,2020-01-02
제주시,라자,제주특별자치도 제주시 연동6길 33,064-745-8100,2020-01-02
제주시,가이아 호텔,제주특별자치도 제주시 연동7길 4,064-742-6110,2020-01-02
제주시,뜨레비호텔,제주특별자치도 제주시 연동7길 8,064-713-5011,2020-01-02
제주시,노블레스호텔,제주특별자치도 제주시 연동8길 31,064-748-1500,2020-01-02
제주시,백호모텔,제주특별자치도 제주시 연동9길 3,064-742-1775,2020-01-02
제주시,(유)U-호텔,제주특별자치도 제주시 연동9길 38,064-746-8333,2020-01-02
제주시,오라,제주특별자치도 제주시 연북로 217,064-713-6260,2020-01-02
제주시,스테이앤,제주특별자치도 제주시 연삼로 26-6,,2020-01-02
제주시,열안지 하우스,제주특별자치도 제주시 오라남로 265,,2020-01-02
제주시,에메랄드호텔에이스,제주특별자치도 제주시 오복5길 4,064-725-2400,2020-01-02
제주시,에스호텔(주),제주특별자치도 제주시 오일장중길 26,064-749-9928,2020-01-02
제주시,미림,제주특별자치도 제주시 오현길 10,064-757-2700,2020-01-02
제주시,향림,제주특별자치도 제주시 오현길 78-9,064-758-7161,2020-01-02
제주시,비지터,제주특별자치도 제주시 오현길 85,064-755-4860,2020-01-02
제주시,탑아일랜드,제주특별자치도 제주시 용남1길 47,064-753-1060,2020-01-02
제주시,신라,제주특별자치도 제주시 용담로 114-1,064-753-3310,2020-01-02
제주시,정안호스텔,제주특별자치도 제주시 용문로 166,064-900-5095,2020-01-02
제주시,우도봉,제주특별자치도 제주시 우도면 영일길 156-32,064-751-4988,2020-01-02
제주시,해별빌리지,제주특별자치도 제주시 우도면 우도해안길 104,,2020-01-02
제주시,검멀레리조트,제주특별자치도 제주시 우도면 우도해안길 1128,064-784-8382,2020-01-02
제주시,산호펜션,제주특별자치도 제주시 우도면 우도해안길 272,064-784-2355,2020-01-02
제주시,그린제주우도휴양펜션,제주특별자치도 제주시 우도면 우도해안길 290,064-782-7588,2020-01-02
제주시,썸머뷰펜션,제주특별자치도 제주시 우도면 우도해안길 378,064-783-5210,2020-01-02
제주시,우도랜드,제주특별자치도 제주시 우도면 조일길 123-15,064-784-9573,2020-01-02
제주시,우도고래펜션,제주특별자치도 제주시 우도면 하고수길 64,,2020-01-02
제주시,청안,제주특별자치도 제주시 원노형2길 19-2,,2020-01-02
제주시,모닝캄,제주특별자치도 제주시 원노형2길 21,064-746-0005,2020-01-02
제주시,에코제니,제주특별자치도 제주시 원노형2길 29-2,064-749-0967,2020-01-02
제주시,에코지엘,제주특별자치도 제주시 원노형2길 29-5,064-746-0965,2020-01-02
제주시,에코리사,제주특별자치도 제주시 원노형2길 34,064-745-5588,2020-01-02
제주시,포시즌호텔,제주특별자치도 제주시 원노형3길 19,064-900-5453,2020-01-02
제주시,위너스,제주특별자치도 제주시 원노형3길 29,064-742-8777,2020-01-02
제주시,에코아바,제주특별자치도 제주시 원노형3길 40,,2020-01-02
제주시,제주메이플호텔,제주특별자치도 제주시 원노형3길 41,064-745-6776,2020-01-02
제주시,올리브호텔,제주특별자치도 제주시 원노형3길 5,064-743-5777,2020-01-02
제주시,에코미르,제주특별자치도 제주시 원노형4길 1,064-747-0967,2020-01-02
제주시,늘송파크텔,제주특별자치도 제주시 원노형5길 22,064-749-3303,2020-01-02
제주시,사쿠라모텔,제주특별자치도 제주시 원노형6길 18,064-711-2368,2020-01-02
제주시,뉴제주호텔,제주특별자치도 제주시 원노형6길 2,064-743-7001,2020-01-02
제주시,노형해든빌타워,제주특별자치도 제주시 원노형6길 22,064-712-5081,2020-01-02
제주시,에코세븐,제주특별자치도 제주시 원노형6길 28,,2020-01-02
제주시,호텔베니스,제주특별자치도 제주시 원노형6길 3-3,064-744-1234,2020-01-02
제주시,에코드반트,제주특별자치도 제주시 원노형남1길 12,064-745-5588,2020-01-02
제주시,에코세잔,제주특별자치도 제주시 원노형남1길 4,064-745-5588,2020-01-02
제주시,자유모텔,제주특별자치도 제주시 월랑로2길 16,064-744-5757,2020-01-02
제주시,제주노블레스관광호텔,제주특별자치도 제주시 월성로4길 19,064-748-7161,2020-01-02
제주시,레브호텔제주,제주특별자치도 제주시 은남1길 15,064-745-8228,2020-01-02
제주시,제니아관광호텔,제주특별자치도 제주시 은남1길 25,064-797-9000,2020-01-02
제주시,피카소,제주특별자치도 제주시 은남1길 27,064-745-3318,2020-01-02
제주시,피닉스,제주특별자치도 제주시 은남1길 28,064-742-3488,2020-01-02
제주시,이채,제주특별자치도 제주시 은남1길 3,064-749-2700,2020-01-02
제주시,동원호텔,제주특별자치도 제주시 은남1길 30,064-742-8900,2020-01-02
제주시,상하이 호텔,제주특별자치도 제주시 은남1길 32,064-742-1488,2020-01-02
제주시,리베로제주사랑호텔,제주특별자치도 제주시 은남1길 34,,2020-01-02
제주시,호텔엘린,제주특별자치도 제주시 은남1길 4,064-743-5600,2020-01-02
제주시,플로라제주 제이드림호텔,제주특별자치도 제주시 은남1길 40,064-711-0062,2020-01-02
제주시,하이레지던스주식회사,제주특별자치도 제주시 은남1길 46,064-743-1300,2020-01-02
제주시,에이티눈,제주특별자치도 제주시 은남1길 8,064-749-2500,2020-01-02
제주시,바오젠,제주특별자치도 제주시 은남2길 41,,2020-01-02
제주시,허브모텔,제주특별자치도 제주시 은남2길 43,064-711-7779,2020-01-02
제주시,에코라엘,제주특별자치도 제주시 은남3길 44,,2020-01-02
제주시,힐파크모텔,제주특별자치도 제주시 은남3길 46,064-711-8047,2020-01-02
제주시,,제주특별자치도 제주시 은남4길 33,064-747-2300,2020-01-02
제주시,메이저투(Ⅱ)호스텔,제주특별자치도 제주시 은남4길 40,064-742-6889,2020-01-02
제주시,호텔더블유,제주특별자치도 제주시 은남4길 42,064-752-7000,2020-01-02
제주시,프린스,제주특별자치도 제주시 은남4길 46,064-742-5594,2020-01-02
제주시,해피모텔,제주특별자치도 제주시 은남4길 9,064-749-1180,2020-01-02
제주시,신제주모텔,제주특별자치도 제주시 은남길 29,064-747-0335,2020-01-02
제주시,뉴코리아,제주특별자치도 제주시 은남길 37,064-744-4333,2020-01-02
제주시,그라벨호텔제주,제주특별자치도 제주시 일주서로 7316,064-740-8010,2020-01-02
제주시,해미안,제주특별자치도 제주시 일주서로 7353,064-713-2001,2020-01-02
제주시,씨앤,제주특별자치도 제주시 일주서로 7490,064-711-7400,2020-01-02
제주시,오션패밀리호텔,제주특별자치도 제주시 일주서로 7531,064-712-3900,2020-01-02
제주시,사모아,제주특별자치도 제주시 임항로 16,064-758-4900,2020-01-02
제주시,호텔더블류탑동점,제주특별자치도 제주시 임항로 24,064-757-0315,2020-01-02
제주시,심스호텔,제주특별자치도 제주시 임항로 249,064-750-8988,2020-01-02
제주시,하버,제주특별자치도 제주시 임항로 260,064-754-6000,2020-01-02
제주시,체크인,제주특별자치도 제주시 임항로 28,064-725-4063,2020-01-02
제주시,친절,제주특별자치도 제주시 임항로 74-1,064-755-5132,2020-01-02
제주시,더엠호텔,제주특별자치도 제주시 전농로 59,064-755-5667,2020-01-02
제주시,백조,제주특별자치도 제주시 전농로7길 43,064-753-7900,2020-01-02
제주시,서울,제주특별자치도 제주시 전농로7길 44-1,064-753-5516,2020-01-02
제주시,모나코호텔,제주특별자치도 제주시 제원1길 1,064-746-6800,2020-01-02
제주시,우리,제주특별자치도 제주시 제원1길 13,064-742-5526,2020-01-02
제주시,뮤즈모텔,제주특별자치도 제주시 제원1길 15,064-746-6344,2020-01-02
제주시,씨스카이 게스트하우스,제주특별자치도 제주시 제원1길 18,064-742-4118,2020-01-02
제주시,귀빈,제주특별자치도 제주시 제원1길 20,064-742-6682,2020-01-02
제주시,청심,제주특별자치도 제주시 제원1길 22,064-742-5131,2020-01-02
제주시,스테이앤2,제주특별자치도 제주시 제원1길 24,,2020-01-02
제주시,라벤다,제주특별자치도 제주시 제원1길 30,064-744-4728,2020-01-02
제주시,만년,제주특별자치도 제주시 제원1길 32,064-742-5226,2020-01-02
제주시,블루아일랜드,제주특별자치도 제주시 제원1길 5,064-712-1190,2020-01-02
제주시,금호훼밀리호텔,제주특별자치도 제주시 제원1길 9,,2020-01-02
제주시,아람,제주특별자치도 제주시 제원4길 23,064-748-0073,2020-01-02
제주시,에코퓨리,제주특별자치도 제주시 제원길 17,064-745-5588,2020-01-02
제주시,산지물호텔,제주특별자치도 제주시 제원길 37,064-748-2105,2020-01-02
제주시,아리랑,제주특별자치도 제주시 제원길 39,064-742-1191,2020-01-02
제주시,해피데이,제주특별자치도 제주시 제원길 43,064-748-1180,2020-01-02
제주시,아르떼스파앤풀빌라,제주특별자치도 제주시 조천읍 곱은달남길 214,,2020-01-02
제주시,풀빌라소랑,제주특별자치도 제주시 조천읍 곱은달남길 216,,2020-01-02
제주시,제주팜파스리조트,제주특별자치도 제주시 조천읍 교래1길 41-12,064-782-2421,2020-01-02
제주시,샘터휴양펜션,제주특별자치도 제주시 조천읍 교래1길 45-3,064-782-0349,2020-01-02
제주시,더올레,제주특별자치도 제주시 조천읍 교래4길 74,070-4548-4242,2020-01-02
제주시,더갤러리,제주특별자치도 제주시 조천읍 남조로 1717-24,064-784-4284,2020-01-02
제주시,더 갤러리 모던,제주특별자치도 제주시 조천읍 남조로 1717-36,064-784-4285,2020-01-02
제주시,코지,제주특별자치도 제주시 조천읍 남조로 1726,064-783-9996,2020-01-02
제주시,교래텔,제주특별자치도 제주시 조천읍 남조로 1772-39,064-782-5855,2020-01-02
제주시,제주로뎀나무하우스,제주특별자치도 제주시 조천읍 남조로 2119-39,064-782-9060,2020-01-02
제주시,한국교회이기풍선교기념관,제주특별자치도 제주시 조천읍 남조로 2125,064-782-6969,2020-01-02
제주시,티(T),제주특별자치도 제주시 조천읍 남조로 2393,064-757-5223,2020-01-02
제주시,아랑조아,제주특별자치도 제주시 조천읍 남조로 2397,064-784-0234,2020-01-02
제주시,먼나머루휴양펜션,제주특별자치도 제주시 조천읍 남조로 2528,064-782-9092,2020-01-02
제주시,절물앞동천펜션,제주특별자치도 제주시 조천읍 명림로 655-77,064-758-6565,2020-01-02
제주시,길섶나그네,제주특별자치도 제주시 조천읍 미래로 241,064-782-5971,2020-01-02
제주시,맥스,제주특별자치도 제주시 조천읍 번영로 1208-7,064-783-8817,2020-01-02
제주시,에코랜드 골프호텔,제주특별자치도 제주시 조천읍 번영로 1278-169,064-802-8000,2020-01-02
제주시,한라산도깨비게스트하우스,제주특별자치도 제주시 조천읍 번영로 1616-6,064-782-6655,2020-01-02
제주시,크라운 골프텔,제주특별자치도 제주시 조천읍 북선로 125,064-784-4811,2020-01-02
제주시,크라운컨트리클럽골프빌리지,제주특별자치도 제주시 조천읍 북선로 125,064-784-4811,2020-01-02
제주시,파크비치,제주특별자치도 제주시 조천읍 북촌1길 58,064-784-3311,2020-01-02
제주시,바다마을휴양펜션,제주특별자치도 제주시 조천읍 북촌서길 22,064-784-1355,2020-01-02
제주시,스위트캐슬,제주특별자치도 제주시 조천읍 신북로 443,064-783-8899,2020-01-02
제주시,라마다바이윈덤제주더함덕호텔,제주특별자치도 제주시 조천읍 신북로 470,064-793-5500,2020-01-02
제주시,제주선샤인호텔,제주특별자치도 제주시 조천읍 신북로 481-9,064-784-2525,2020-01-02
제주시,큰돈물,제주특별자치도 제주시 조천읍 신북로 491-1,064-783-6460,2020-01-02
제주시,소곤닥하우스,제주특별자치도 제주시 조천읍 신북로 497,064-743-6003,2020-01-02
제주시,해오름,제주특별자치도 제주시 조천읍 신북로 523,064-782-1552,2020-01-02
제주시,함덕장모텔,제주특별자치도 제주시 조천읍 신북로 546,064-782-7511,2020-01-02
제주시,소노벨타워에이비제주,제주특별자치도 제주시 조천읍 신북로 577,064-780-5023,2020-01-02
제주시,소노벨타워씨제주,제주특별자치도 제주시 조천읍 신북로 577,064-780-5040,2020-01-02
제주시,힐하우스,제주특별자치도 제주시 조천읍 신북로 621,064-782-8661,2020-01-02
제주시,브리코텔,제주특별자치도 제주시 조천읍 신북로 661,,2020-01-02
제주시,삼육구,제주특별자치도 제주시 조천읍 와흘로 369,064-726-5566,2020-01-02
제주시,제주레포츠랜드주식회사,제주특별자치도 제주시 조천읍 와흘상서2길 47,064-784-8800,2020-01-02
제주시,북촌플레이스Ⅱ,제주특별자치도 제주시 조천읍 일주동로 1435,,2020-01-02
제주시,북촌플레이스Ⅰ,제주특별자치도 제주시 조천읍 일주동로 1437,,2020-01-02
제주시,캐슬풀리조트,제주특별자치도 제주시 조천읍 일주동로 1579,064-782-6522,2020-01-02
제주시,도담촌,제주특별자치도 제주시 조천읍 일주동로 1594,070-4111-0646,2020-01-02
제주시,(주)사조그랜드리조트,제주특별자치도 제주시 조천읍 일주동로 1616-7,064-782-8600,2020-01-02
제주시,제주도한달살기,제주특별자치도 제주시 조천읍 조천9길 10,064-742-9006,2020-01-02
제주시,(주)아이미제주비치호텔,제주특별자치도 제주시 조천읍 조함해안로 474,064-780-0000,2020-01-02
제주시,포엠하우스,제주특별자치도 제주시 조천읍 조함해안로 476-1,064-759-0109,2020-01-02
제주시,바리스테이,제주특별자치도 제주시 조천읍 조함해안로 476-3,064-902-9952,2020-01-02
제주시,풍경채,제주특별자치도 제주시 조천읍 조함해안로 482-1,064-784-4242,2020-01-02
제주시,(주)오션그랜드호텔,제주특별자치도 제주시 조천읍 조함해안로 490,064-783-0007,2020-01-02
제주시,비치스토리호텔,제주특별자치도 제주시 조천읍 조함해안로 492-5,064-784-7400,2020-01-02
제주시,유탑 유블레스호텔 제주,제주특별자치도 제주시 조천읍 조함해안로 502,064-780-9300,2020-01-02
제주시,아트스테이함덕비치,제주특별자치도 제주시 조천읍 조함해안로 504,064-801-9999,2020-01-02
제주시,스파벨리스,제주특별자치도 제주시 조천읍 종인내길 133,064-758-0029,2020-01-02
제주시,트레비앙,제주특별자치도 제주시 조천읍 중산간동로 1364,,2020-01-02
제주시,와흘팽나무집,제주특별자치도 제주시 조천읍 중산간동로 456,,2020-01-02
제주시,유성여관,제주특별자치도 제주시 조천읍 함덕13길 9,064-783-8040,2020-01-02
제주시,제주라마다서우봉비치,제주특별자치도 제주시 조천읍 함덕6길 10,064-731-5000,2020-01-02
제주시,마이다스레지던스,제주특별자치도 제주시 조천읍 함덕8길 13-1,064-784-6790,2020-01-02
제주시,스테이위드함덕,제주특별자치도 제주시 조천읍 함덕로 10,,2020-01-02
제주시,내츄럴하우스,제주특별자치도 제주시 조천읍 함와로 424,064-747-4639,2020-01-02
제주시,제주스카이라인휴양펜션,제주특별자치도 제주시 주르레남길 19,064-747-1570,2020-01-02
제주시,한울타리,제주특별자치도 제주시 중앙로 143,064-722-0763,2020-01-02
제주시,(주)칼호텔네트워크(제주KAL호텔),제주특별자치도 제주시 중앙로 151,064-720-6610,2020-01-02
제주시,금동,제주특별자치도 제주시 중앙로 178-1,064-722-4695,2020-01-02
제주시,광명,제주특별자치도 제주시 중앙로 186-2,064-753-1659,2020-01-02
제주시,오르다게스트하우스,제주특별자치도 제주시 중앙로 192,064-752-1144,2020-01-02
제주시,뷰띠끄 헤르츠 호텔,제주특별자치도 제주시 중앙로 252,064-805-9800,2020-01-02
제주시,남경씨티호텔,제주특별자치도 제주시 중앙로 28,064-752-3301,2020-01-02
제주시,라마다제주시티호텔,제주특별자치도 제주시 중앙로 304,,2020-01-02
제주시,농땡이연구소,제주특별자치도 제주시 중앙로 49,,2020-01-02
제주시,에노스호텔,제주특별자치도 제주시 중앙로12길 35,064-751-0061,2020-01-02
제주시,제주스스토리인제주,제주특별자치도 제주시 중앙로12길 5,064-757-3796,2020-01-02
제주시,세안,제주특별자치도 제주시 중앙로14길 28,064-752-8599,2020-01-02
제주시,남일,제주특별자치도 제주시 중앙로14길 30,064-722-5623,2020-01-02
제주시,알앤티호텔,제주특별자치도 제주시 중앙로14길 30-1,064-721-1414,2020-01-02
제주시,만금,제주특별자치도 제주시 중앙로15길 6,064-722-0687,2020-01-02
제주시,오형,제주특별자치도 제주시 중앙로15길 8-1,064-722-2310,2020-01-02
제주시,제주타워,제주특별자치도 제주시 중앙로1길 12,064-753-9003,2020-01-02
제주시,글로벌,제주특별자치도 제주시 중앙로1길 14-1,064-756-5943,2020-01-02
제주시,베드라디오동문점,제주특별자치도 제주시 중앙로1길 41-1,064-753-0400,2020-01-02
제주시,한성,제주특별자치도 제주시 중앙로22길 3,064-722-0519,2020-01-02
제주시,싱글스토리,제주특별자치도 제주시 중앙로23길 24-6,064-725-1663,2020-01-02
제주시,수와정,제주특별자치도 제주시 중앙로25길 7,064-751-8858,2020-01-02
제주시,호호네작은하우스,제주특별자치도 제주시 중앙로2길 11,064-756-1746,2020-01-02
제주시,석류,제주특별자치도 제주시 중앙로2길 21,,2020-01-02
제주시,제주담스테이,제주특별자치도 제주시 중앙로2길 35-1,064-722-3909,2020-01-02
제주시,태경,제주특별자치도 제주시 중앙로2길 39,064-752-3113,2020-01-02
제주시,해짓골,제주특별자치도 제주시 중앙로3길 1,,2020-01-02
제주시,정원,제주특별자치도 제주시 중앙로3길 14,064-758-9805,2020-01-02
제주시,태양,제주특별자치도 제주시 중앙로3길 2,064-757-0948,2020-01-02
제주시,명승,제주특별자치도 제주시 중앙로3길 3,064-757-0635,2020-01-02
제주시,히트여관,제주특별자치도 제주시 중앙로3길 34,064-721-1265,2020-01-02
제주시,타기,제주특별자치도 제주시 중앙로5길 12,064-757-6345,2020-01-02
제주시,제주공항근처파티하는난장,제주특별자치도 제주시 중앙로5길 13,,2020-01-02
제주시,이꼬이,제주특별자치도 제주시 중앙로5길 18,070-8239-9408,2020-01-02
제주시,제주비전하우스,제주특별자치도 제주시 중앙로5길 3,,2020-01-02
제주시,씨에프모텔,제주특별자치도 제주시 중앙로7길 21-1,064-726-3230,2020-01-02
제주시,수진,제주특별자치도 제주시 중앙로7길 29-1,064-702-2403,2020-01-02
제주시,탑모텔,제주특별자치도 제주시 중앙로8길 5,064-753-8001,2020-01-02
제주시,추자바다25시,제주특별자치도 제주시 추자면 묵리2길 48,064-742-2724,2020-01-02
제주시,태흥여관,제주특별자치도 제주시 추자면 추자로 34,064-712-5600,2020-01-02
제주시,여정여관,제주특별자치도 제주시 추자면 추자로 4-1,064-742-3512,2020-01-02
제주시,추자풀하우스,제주특별자치도 제주시 추자면 추자로 50,064-742-8881,2020-01-02
제주시,해변장 여관,제주특별자치도 제주시 추자면 추자로 532,064-742-8092,2020-01-02
제주시,뉴추자아일랜드,제주특별자치도 제주시 추자면 추자로 581-6,064-744-0533,2020-01-02
제주시,황재여관,제주특별자치도 제주시 추자면 추자로 70,064-742-7507,2020-01-02
제주시,우성,제주특별자치도 제주시 칠성로길 37-1,064-722-3070,2020-01-02
제주시,제일,제주특별자치도 제주시 칠성로길 37-4,064-752-5550,2020-01-02
제주시,칠성,제주특별자치도 제주시 칠성로길 44-3,064-751-5701,2020-01-02
제주시,제주비치호텔,제주특별자치도 제주시 탑동로 17,064-727-0027,2020-01-02
제주시,해광,제주특별자치도 제주시 탑동로 29,064-702-6775,2020-01-02
제주시,제주오리엔탈,제주특별자치도 제주시 탑동로 47,064-754-8812,2020-01-02
제주시,제주서울,제주특별자치도 제주시 탑동로 5,064-752-2211,2020-01-02
제주시,더케이제주호텔(주)라마다프라자제주호텔,제주특별자치도 제주시 탑동로 66,064-729-8251,2020-01-02
제주시,제주팔레스개발(주),제주특별자치도 제주시 탑동로 9,064-753-8811,2020-01-02
제주시,디룸,제주특별자치도 제주시 탑동로2길 3,,2020-01-02
제주시,은정,제주특별자치도 제주시 탑동로3길 4,064-722-3187,2020-01-02
제주시,주식회사 오션스위츠,제주특별자치도 제주시 탑동해안로 74,064-720-6000,2020-01-02
제주시,메모리,제주특별자치도 제주시 평전1길 1,064-753-0865,2020-01-02
제주시,비앤비,제주특별자치도 제주시 평전길 2-2,064-755-1914,2020-01-02
제주시,아이지에이치,제주특별자치도 제주시 한경면 금등3길 25,064-772-3340,2020-01-02
제주시,감귤향기,제주특별자치도 제주시 한경면 금등대안1길 81,,2020-01-02
제주시,섬풍경휴양션,제주특별자치도 제주시 한경면 노을해안로 1203-1,,2020-01-02
제주시,호텔감귤향기,제주특별자치도 제주시 한경면 두조로 307,064-751-5599,2020-01-02
제주시,라온골프클럽휴양콘도미니엄,제주특별자치도 제주시 한경면 용금로 998,064-795-1000,2020-01-02
제주시,금단영,제주특별자치도 제주시 한경면 일주서로 4466,064-772-1579,2020-01-02
제주시,판포어촌계,제주특별자치도 제주시 한경면 일주서로 4542,064-772-1559,2020-01-02
제주시,틸다하우스,제주특별자치도 제주시 한경면 중산간서로 3367-1,064-773-0033,2020-01-02
제주시,메가리조트제주,제주특별자치도 제주시 한경면 판포1길 6,064-773-0700,2020-01-02
제주시,제주또올레,제주특별자치도 제주시 한경면 판포2길 44,064-772-1241,2020-01-02
제주시,부띠끄풀빌라나미브,제주특별자치도 제주시 한경면 판포4길 41-41,064-773-1684,2020-01-02
제주시,(주)푸른콘도,제주특별자치도 제주시 한림읍 귀덕6길 146,064-796-0657,2020-01-02
제주시,허브인휴양펜션,제주특별자치도 제주시 한림읍 귀덕6길 92-17,064-796-6634,2020-01-02
제주시,에코그린펜션,제주특별자치도 제주시 한림읍 귀덕6길 92-9,064-796-8555,2020-01-02
제주시,에코그린리조트,제주특별자치도 제주시 한림읍 귀덕6길 94,064-796-8333,2020-01-02
제주시,물뜰에쉼팡리조트,제주특별자치도 제주시 한림읍 귀덕로 73,064-796-0505,2020-01-02
제주시,그린비치,제주특별자치도 제주시 한림읍 금능길 92,064-796-1051,2020-01-02
제주시,웨스턴호텔,제주특별자치도 제주시 한림읍 금능남1길 6-1,064-796-5000,2020-01-02
제주시,라온프라이빗타운,제주특별자치도 제주시 한림읍 금능남로 127,064-795-3000,2020-01-02
제주시,호텔라온제주,제주특별자치도 제주시 한림읍 금능남로 127,064-795-3000,2020-01-02
제주시,(주)블랙스톤리조트,제주특별자치도 제주시 한림읍 금악리 산 54 ,064-795-2126,2020-01-02
제주시,포에마,제주특별자치도 제주시 한림읍 명월로 13,,2020-01-02
제주시,제주힐리조트,제주특별자치도 제주시 한림읍 명월성로 394,064-796-2400,2020-01-02
제주시,스웨덴,제주특별자치도 제주시 한림읍 명재로 100-45,064-796-3721,2020-01-02
제주시,스웨덴호스텔,제주특별자치도 제주시 한림읍 명재로 100-47,064-796-9779,2020-01-02
제주시,한영장,제주특별자치도 제주시 한림읍 사가길 5,064-796-3115,2020-01-02
제주시,아길라호텔,제주특별자치도 제주시 한림읍 옹포2길 10,064-798-7700,2020-01-02
제주시,제주발리리조트,제주특별자치도 제주시 한림읍 일주서로 5083-5,064-796-8235,2020-01-02
제주시,홍익제주호텔,제주특별자치도 제주시 한림읍 일주서로 5125,064-723-5801,2020-01-02
제주시,썬하우스,제주특별자치도 제주시 한림읍 일주서로 5556,064-796-8250,2020-01-02
제주시,제주일성콘도미니엄,제주특별자치도 제주시 한림읍 한림로 127,064-796-8400,2020-01-02
제주시,제주담스파빌,제주특별자치도 제주시 한림읍 한림로 162,064-799-2020,2020-01-02
제주시,일성제주콘도,제주특별자치도 제주시 한림읍 한림로 239,064-796-8400,2020-01-02
제주시,아신스카이호텔,제주특별자치도 제주시 한림읍 한림로 245,064-796-7800,2020-01-02
제주시,엘케이호텔,제주특별자치도 제주시 한림읍 한림로 245-5,064-796-5595,2020-01-02
제주시,수평선,제주특별자치도 제주시 한림읍 한림로 328,,2020-01-02
제주시,리벤시아,제주특별자치도 제주시 한림읍 한림로 33,064-805-0020,2020-01-02
제주시,블루스프링부띠끄호텔,제주특별자치도 제주시 한림읍 한림로 330,,2020-01-02
제주시,르메인호텔,제주특별자치도 제주시 한림읍 한림로 392,,2020-01-02
제주시,제일여관,제주특별자치도 제주시 한림읍 한림로 633-1,064-796-0607,2020-01-02
제주시,육칠오팔,제주특별자치도 제주시 한림읍 한림로 648,,2020-01-02
제주시,호텔한림항,제주특별자치도 제주시 한림읍 한림로 656,064-796-8620,2020-01-02
제주시,한수장여관,제주특별자치도 제주시 한림읍 한림로 663,064-796-0838,2020-01-02
제주시,탐라여인숙,제주특별자치도 제주시 한림읍 한림로 685-10,064-796-4928,2020-01-02
제주시,더퍼스트호스텔,제주특별자치도 제주시 한림읍 한림로 695,064-796-6950,2020-01-02
제주시,영일여관,제주특별자치도 제주시 한림읍 한림로 697,064-796-2346,2020-01-02
제주시,주식회사 블루하와이호텔,제주특별자치도 제주시 한림읍 한림로 75,064-796-8191,2020-01-02
제주시,블루하와이,제주특별자치도 제주시 한림읍 한림로 77,064-773-0800,2020-01-02
제주시,스카이호텔,제주특별자치도 제주시 한림읍 한림로 917,064-796-7900,2020-01-02
제주시,명성여관,제주특별자치도 제주시 한림읍 한림로12길 3,064-796-5454,2020-01-02
제주시,지엠제이,제주특별자치도 제주시 한림읍 한림로15길 2,064-796-8377,2020-01-02
제주시,삼성여관,제주특별자치도 제주시 한림읍 한림로15길 5,064-796-3578,2020-01-02
제주시,창흥장,제주특별자치도 제주시 한림읍 한림로17길 12,064-796-2330,2020-01-02
제주시,태양여관,제주특별자치도 제주시 한림읍 한림로17길 3,064-796-2025,2020-01-02
제주시,중앙여인숙,제주특별자치도 제주시 한림읍 한림로17길 4,064-796-8111,2020-01-02
제주시,한림명동,제주특별자치도 제주시 한림읍 한림로19길 5,064-796-3421,2020-01-02
제주시,소담여관,제주특별자치도 제주시 한림읍 한림로19길 7,064-796-1507,2020-01-02
제주시,영주,제주특별자치도 제주시 한림읍 한림로19길 9,064-796-2991,2020-01-02
제주시,한라모텔,제주특별자치도 제주시 한림읍 한림로3길 10-9,064-796-7942,2020-01-02
제주시,예준,제주특별자치도 제주시 한림읍 한림로8길 18,064-796-8878,2020-01-02
제주시,세론여관,제주특별자치도 제주시 한림읍 한림북동길 22,064-796-7575,2020-01-02
제주시,약속여인숙,제주특별자치도 제주시 한림읍 한림북동길 25-2,064-796-4928,2020-01-02
제주시,뉴월드여관,제주특별자치도 제주시 한림읍 한림북동길 26,064-796-6588,2020-01-02
제주시,비양도모텔,제주특별자치도 제주시 한림읍 한림해안로 134,064-796-5851,2020-01-02
제주시,자몽,제주특별자치도 제주시 한림읍 한림해안로 136,064-796-1121,2020-01-02
제주시,항구장여관,제주특별자치도 제주시 한림읍 한림해안로 144,064-796-1885,2020-01-02
제주시,삼만원,제주특별자치도 제주시 한림읍 한림해안로 160,064-796-4001,2020-01-02
제주시,이랜드파크켄싱턴리조트제주한림점,제주특별자치도 제주시 한림읍 한림해안로 530,064-796-9600,2020-01-02
제주시,대일장여관,제주특별자치도 제주시 한림읍 한수풀로 11,064-796-0603,2020-01-02
제주시,블랙스톤리조트,제주특별자치도 제주시 한림읍 한창로 925-122,064-795-2000,2020-01-02
제주시,카이,제주특별자치도 제주시 한림읍 협재2길 10,064-796-2428,2020-01-02
제주시,제주금강산콘도미니엄,제주특별자치도 제주시 한림읍 협재로 210-18,064-795-7800,2020-01-02
제주시,하모니리조트,제주특별자치도 제주시 한림읍 협재로 213,064-796-8441,2020-01-02
제주시,더제주리조트,제주특별자치도 제주시 한림읍 협재로 226,064-796-8191,2020-01-02
제주시,라 파로마 휴양펜션,제주특별자치도 제주시 한림읍 협재로 62,064-796-8121,2020-01-02
제주시,아덴힐리조트,제주특별자치도 제주시 한림읍 화전길 82,064-730-7023,2020-01-02
제주시,휴양펜션돌과바람,제주특별자치도 제주시 해안마을길 62,064-747-4574,2020-01-02
제주시,제주나인리조트,제주특별자치도 제주시 해안마을북길 14-5,064-722-2222,2020-01-02
제주시,샹그릴라 호텔,제주특별자치도 제주시 해안마을북길 14-6,064-743-8098,2020-01-02
제주시,캠퍼트리호텔앤리조트,제주특별자치도 제주시 해안마을서4길 100,064-795-8888,2020-01-02
제주시,레드월 호스텔,제주특별자치도 제주시 현사길 33,064-743-6444,2020-01-02
제주시,에바다호스텔,제주특별자치도 제주시 현사길 45,064-744-1398,2020-01-02
제주시,오름,제주특별자치도 제주시 홍랑길 4-4,064-757-4690,2020-01-02
제주시,힐링하우스,제주특별자치도 제주시 홍랑길 4-6,064-745-0600,2020-01-02
제주시,용연,제주특별자치도 제주시 흥운길 63-6,064-711-2661,2020-01-02
